Wavelength [nm],TBS,599_2,599_4,599_6,599_8,599_10,599_12
190,-0.05296898,0.6051664,0.6603217,0.4997387,0.8399405,0.5524263,1.338333
191,-0.02728653,0.9267702,0.525043,1.18904,0.9474573,0.726624,0.6323786
192,-0.03379345,0.6096344,0.6786714,1.387065,0.4212613,1.376041,1.37224
193,-0.08715057,0.4771209,0.9542422,0.9542422,1.255272,1.255272,1.255272
194,-0.01663971,1.383166,1.364003,1.364243,0.5093651,1.369496,1.352315
195,0.000353336,1.328002,1.037734,0.8534155,0.8804688,1.336184,0.8884578
196,-0.002843857,0.5545201,0.6097741,0.7521701,0.5635691,0.7911739,1.514643
197,-0.02471209,0.7790227,0.6568513,1.447922,1.468093,1.506391,1.419802
198,0.04382992,0.8400273,1.262023,0.9312205,0.7594395,1.498662,1.015315
199,-0.02261686,1.044746,1.16996,1.5479,0.9895082,1.560404,1.321818
200,-0.05528021,0.6448016,0.6655307,0.8990679,0.906899,1.565556,1.522162
201,-0.01885271,0.9504814,1.132889,1.350782,1.172252,1.723293,1.469659
202,2.91E-05,1.018943,1.118034,2.059567,1.883975,2.04195,1.930977
203,-0.00788641,1.540426,1.536169,2.355479,1.530595,2.288009,1.78217
204,-0.002991199,2.301768,2.139575,2.50976,2.668771,2.260588,2.749699
205,-0.00104475,1.870595,1.919728,2.212496,2.256181,2.182337,2.741957
206,-0.002958775,1.927402,2.144441,2.63368,2.54988,2.389633,2.663584
207,-0.001939297,2.217996,2.56473,2.914172,2.911889,2.686627,2.909859
208,-0.002295971,2.141875,2.374614,2.564317,2.653237,2.394121,2.621213
209,-0.000914097,2.218062,2.382398,2.49263,2.758116,2.828114,3.12931
210,-0.001717091,2.303257,2.558537,2.700817,2.778314,3.052851,3.631181
211,-0.001413822,2.259592,2.556855,2.837613,2.819629,2.916036,3.26727
212,-0.00150919,2.266774,2.455351,2.777933,2.822663,3.013614,3.178333
213,-0.001921654,2.331743,2.517004,2.605033,2.971498,2.862629,3.088867
214,-0.001595497,2.348691,2.549878,2.785545,3.050062,3.043321,3.23642
215,-0.001862526,2.373416,2.676897,2.804008,3.122773,3.260421,3.319345
216,-0.001784801,2.379132,2.649058,2.752603,2.887252,2.904083,3.132752
217,-0.001848221,2.401299,2.671972,2.901804,3.179017,2.982353,3.339038
218,-0.001881123,2.348669,2.7313,2.928916,3.244608,3.101764,3.418415
219,-0.001814842,2.328757,2.748413,2.948879,2.88908,3.104004,3.176353
220,-0.001857281,2.275636,2.842779,3.100985,3.240954,3.171034,3.378855
221,-0.001925468,2.183856,2.84824,3.015465,3.049409,3.164256,3.355407
222,-0.001966,2.091156,2.855669,2.943425,3.10675,3.251941,3.277644
223,-0.001737595,1.998868,2.827313,3.009871,3.247019,3.260992,3.463764
224,-0.002250671,1.887795,2.800238,3.048647,3.203121,3.151665,3.244995
225,-0.002072334,1.770352,2.736093,2.906324,3.139068,3.120764,3.094175
226,-0.002082825,1.645633,2.698826,2.91258,2.983384,3.197389,3.158432
227,-0.002147675,1.514508,2.65542,2.908516,2.96573,3.06639,3.118845
228,-0.002054691,1.372837,2.595754,2.875194,2.864746,3.080187,3.222229
229,-0.002162457,1.23339,2.494264,2.817459,3.166415,3.195853,3.233518
230,-0.002131462,1.088468,2.310214,2.853504,2.938116,3.00181,3.146747
231,-0.002316475,0.9485497,2.067634,2.685991,2.899037,3.080385,3.011314
232,-0.002223492,0.8117013,1.822012,2.465855,2.862691,2.906463,2.935044
233,-0.002072811,0.6848783,1.555953,2.220071,2.672771,2.814984,2.939598
234,-0.002330303,0.5681825,1.304716,1.910553,2.512753,2.750968,2.879137
235,-0.002272606,0.4634576,1.077804,1.5951,2.160948,2.48885,2.745975
236,-0.002533436,0.3750405,0.8809881,1.315039,1.844868,2.187141,2.478706
237,-0.002233505,0.2993026,0.7130947,1.066687,1.502835,1.819107,2.105851
238,-0.002381325,0.2384677,0.5748591,0.8660593,1.22447,1.486675,1.72498
239,-0.002055645,0.1882539,0.4615798,0.697957,0.9912829,1.207545,1.40636
240,-0.002317429,0.149025,0.3733864,0.5667081,0.8055463,0.9838657,1.146266
241,-0.002179623,0.1181879,0.3025718,0.4620728,0.6592302,0.8051577,0.9386067
242,-0.002191067,0.09470081,0.2489076,0.3822403,0.5453744,0.668613,0.7811189
243,-0.002352715,0.07623482,0.2066584,0.3192868,0.4577579,0.5622959,0.6553679
244,-0.002217293,0.06208181,0.174612,0.2717371,0.3895273,0.4799657,0.5603609
245,-0.00225544,0.05247688,0.1520863,0.2384429,0.3425307,0.4228659,0.4933066
246,-0.002236366,0.04549742,0.1362042,0.2145667,0.309113,0.3822904,0.4457583
247,-0.002316475,0.04110241,0.1261554,0.1996903,0.2878852,0.3563747,0.4153304
248,-0.002312183,0.038064,0.1193361,0.1892524,0.273499,0.3392482,0.3953695
249,-0.002171516,0.03631592,0.1154084,0.1833673,0.2644563,0.328649,0.383317
250,-0.002371311,0.03607273,0.1145196,0.1826253,0.2633924,0.3273611,0.3824916
251,-0.002273083,0.03781462,0.1181579,0.1875863,0.2707114,0.3366051,0.3936286
252,-0.002247334,0.04048872,0.1239119,0.1956511,0.2826157,0.3511105,0.4105902
253,-0.002332687,0.04273367,0.1292491,0.2036738,0.2936497,0.3645782,0.4266648
254,-0.002104759,0.04481173,0.1336508,0.210115,0.3030624,0.376193,0.4401617
255,-0.002528667,0.04721498,0.1388979,0.2184768,0.3149128,0.3910875,0.4577389
256,-0.002458096,0.05106258,0.1476588,0.231389,0.3330359,0.4129124,0.4843297
257,-0.00231123,0.05677271,0.1598887,0.2492752,0.3591084,0.4446096,0.5214229
258,-0.002282143,0.06282377,0.1735244,0.2699327,0.3879466,0.4801917,0.5634294
259,-0.002382755,0.06778479,0.1844983,0.2865143,0.4121165,0.5089993,0.597322
260,-0.002193451,0.07147074,0.1924148,0.2980366,0.4288001,0.5292768,0.6220341
261,-0.002191544,0.07537174,0.2011657,0.3105183,0.4463754,0.551228,0.6477904
262,-0.002304554,0.07994461,0.2106996,0.3254895,0.4670563,0.5768571,0.6776891
263,-0.002167702,0.08545208,0.2229867,0.343668,0.4933152,0.6078439,0.7154789
264,-0.002277851,0.09253025,0.2394133,0.36759,0.5267267,0.6495047,0.7645226
265,-0.002358437,0.09862089,0.2532816,0.3881407,0.5570359,0.6871886,0.8063507
266,-0.002475739,0.1034923,0.263588,0.4038324,0.579051,0.7127566,0.8370957
267,-0.002296925,0.1085863,0.2752581,0.4208517,0.6018701,0.7413888,0.8723536
268,-0.002156258,0.1147385,0.2881002,0.4405723,0.6309037,0.7752662,0.9130549
269,-0.002494335,0.1188755,0.2984581,0.4556847,0.6511478,0.8002906,0.9421926
270,-0.002150059,0.12291,0.3072824,0.4683075,0.6704235,0.8221483,0.969696
271,-0.002862453,0.1266847,0.3164711,0.4817462,0.6879086,0.8466096,0.9969049
272,-0.00256443,0.1312022,0.3258333,0.496923,0.7107043,0.8712339,1.025454
273,-0.002614021,0.1355076,0.3353915,0.510551,0.7290449,0.8937016,1.05336
274,-0.002155304,0.1390233,0.3437209,0.5232935,0.7447057,0.9169941,1.081347
275,-0.002785206,0.1420341,0.3514934,0.5340362,0.7631245,0.93679,1.105639
276,-0.002301216,0.1448479,0.3576851,0.5419059,0.7726145,0.9521761,1.118691
277,-0.00258112,0.1464696,0.3600335,0.5461202,0.7828245,0.9606605,1.124566
278,-0.002549648,0.145936,0.3586731,0.5446944,0.7766709,0.9568529,1.11975
279,-0.002130032,0.143404,0.353313,0.536736,0.7654228,0.9422512,1.100862
280,-0.002399445,0.1397147,0.3463826,0.5248666,0.7523594,0.9227724,1.081967
281,-0.002279758,0.1371026,0.3386555,0.5162296,0.7333994,0.9070954,1.062603
282,-0.002434254,0.1335316,0.3317151,0.5061951,0.7246451,0.8886414,1.043186
283,-0.002579212,0.1296186,0.3226261,0.4918013,0.7026234,0.8666821,1.012751
284,-0.002524853,0.1230636,0.3079028,0.4696064,0.6723132,0.8280983,0.9732709
285,-0.002186775,0.1134806,0.2859373,0.4362884,0.6247878,0.7705207,0.9015088
286,-0.002882481,0.10079,0.2589841,0.3959789,0.5681081,0.6993084,0.8194847
287,-0.002218246,0.08975267,0.2320585,0.3567505,0.5116167,0.6303391,0.7402802
288,-0.00236845,0.0787096,0.2080545,0.3208637,0.4603095,0.5692587,0.6671557
289,-0.002789974,0.06821394,0.1852059,0.2873015,0.4146256,0.510303,0.5989084
290,-0.00242281,0.05802011,0.1606798,0.2518764,0.3628678,0.4477077,0.5262976
291,-0.002514839,0.04590368,0.1339917,0.2119737,0.3077211,0.3805976,0.4464679
292,-0.002714157,0.03454447,0.1086974,0.1740785,0.2544484,0.3155909,0.3709846
293,-0.00254631,0.02528095,0.08746815,0.1418209,0.2082648,0.2600236,0.3049994
294,-0.002743721,0.01714993,0.06923628,0.114562,0.170125,0.2136617,0.2513733
295,-0.002245426,0.01110363,0.05491114,0.09338045,0.139935,0.1763496,0.2081561
296,-0.002730846,0.005768299,0.04297638,0.0755949,0.1148853,0.1460228,0.1728177
297,-0.002613544,0.00174284,0.03347111,0.06175852,0.09489202,0.121737,0.1445236
298,-0.003069401,-0.001571655,0.02563095,0.04997063,0.07938766,0.1016889,0.1207113
299,-0.002383232,-0.004352093,0.01951313,0.04079533,0.06548023,0.08580828,0.1019573
300,-0.002287865,-0.006595135,0.01405191,0.03238869,0.05414295,0.07146025,0.08544302
301,-0.003081799,-0.008960247,0.009285927,0.02556705,0.04374027,0.05912495,0.07150888
302,-0.002661705,-0.01031494,0.005647182,0.02001286,0.03642702,0.04977465,0.06045437
303,-0.002646923,-0.01168633,0.002782822,0.01552486,0.02974558,0.04209614,0.05126619
304,-0.002157211,-0.01239967,0.000339508,0.01197767,0.02469778,0.03588247,0.04402304
305,-0.002114296,-0.01313496,-0.001602173,0.008777618,0.02048826,0.03072548,0.0384841
306,-0.002362728,-0.01420927,-0.003406048,0.006014347,0.01670504,0.0261817,0.03304386
307,-0.002873421,-0.01485395,-0.005250931,0.004078865,0.01434994,0.02248573,0.02910805
308,-0.002820015,-0.01506758,-0.005980492,0.002358437,0.01189995,0.01984119,0.02624083
309,-0.002340317,-0.01537848,-0.006540298,0.00125742,0.01054621,0.0180459,0.02401114
310,-0.002669811,-0.01530504,-0.007476807,5.48E-05,0.008759022,0.01631212,0.02196884
311,-0.002583027,-0.01580906,-0.00784111,-0.000536442,0.007982254,0.01488018,0.02064848
312,-0.002490044,-0.01594114,-0.008340359,-0.001079082,0.007217884,0.01400614,0.01962185
313,-0.002768517,-0.01586103,-0.008864403,-0.001750946,0.006403446,0.01328993,0.01868439
314,-0.002325535,-0.01568699,-0.008799553,-0.00177145,0.005962849,0.01253939,0.01827717
315,-0.002402306,-0.01571274,-0.008872509,-0.00217104,0.005378246,0.0118804,0.01758909
316,-0.002341747,-0.01555395,-0.009057999,-0.002444267,0.005402565,0.01164579,0.01732683
317,-0.002509117,-0.01582479,-0.009468079,-0.003016472,0.004683971,0.01121569,0.01700258
318,-0.002598763,-0.01576042,-0.009449959,-0.003160954,0.004417419,0.01097059,0.01661682
319,-0.002463341,-0.01576567,-0.009636879,-0.003282547,0.00433445,0.01054907,0.01628828
320,-0.002698421,-0.0158534,-0.009827614,-0.003423691,0.00415659,0.0102334,0.01591682
321,-0.002645016,-0.0159111,-0.009861946,-0.003298283,0.004011631,0.01033831,0.01627302
322,-0.002458572,-0.0158186,-0.009807587,-0.003395081,0.004076004,0.01029539,0.01607513
323,-0.002380371,-0.01586103,-0.01014519,-0.003740788,0.003712654,0.009638309,0.01555395
324,-0.002686501,-0.01592731,-0.01029491,-0.003998756,0.00333786,0.009340286,0.01539135
325,-0.002510071,-0.01565075,-0.01020241,-0.003775597,0.00372076,0.009854317,0.01550007
326,-0.002496243,-0.0158267,-0.01001167,-0.003828526,0.003416538,0.009679794,0.01528835
327,-0.002429485,-0.01574945,-0.01052523,-0.004230499,0.003342152,0.009353161,0.01520538
328,-0.002760887,-0.01596165,-0.01032162,-0.003906727,0.003277302,0.00921917,0.01441717
329,-0.002552032,-0.01646662,-0.0105896,-0.004144192,0.002981663,0.00874567,0.01416349
330,-0.002507687,-0.01571369,-0.01030588,-0.004106998,0.003074646,0.008961678,0.01450396
331,-0.002476692,-0.01609802,-0.01046562,-0.004396915,0.002596855,0.008865833,0.01418066
332,-0.002958298,-0.01650238,-0.01104403,-0.004565716,0.002681255,0.008490086,0.01358843
333,-0.002901077,-0.01623011,-0.01091671,-0.004673958,0.002250195,0.008620739,0.01372004
334,-0.002499104,-0.0164032,-0.01091576,-0.004465103,0.002549171,0.009104729,0.01361799
335,-0.002728939,-0.01625681,-0.01049995,-0.004293442,0.002439022,0.008939743,0.01355505
336,-0.002976894,-0.01686811,-0.01074028,-0.004959583,0.002092838,0.007895947,0.01277542
337,-0.002896786,-0.01697683,-0.01084089,-0.004696846,0.001859188,0.008185863,0.01264238
338,-0.002693653,-0.01645279,-0.01090717,-0.005077362,0.001583576,0.007670879,0.01230955
339,-0.00272274,-0.01639748,-0.01106262,-0.004910946,0.001625061,0.007695675,0.01275349
340,-0.002746582,-0.01667547,-0.0108614,-0.005040169,0.001725674,0.007849693,0.01209497
341,-0.002322197,-0.0165863,-0.0107379,-0.005059242,0.002048492,0.00793457,0.01197386
342,-0.002693176,-0.01662493,-0.01114225,-0.004837036,0.001545906,0.007693768,0.01189852
343,-0.002363205,-0.01655769,-0.01108265,-0.004709721,0.001759529,0.007223606,0.01209164
344,-0.002316952,-0.016572,-0.01122904,-0.005283356,0.001366615,0.007312298,0.01188231
345,-0.002458096,-0.01711082,-0.01123333,-0.005336285,0.001442909,0.007527351,0.01150513
346,-0.002274513,-0.01683521,-0.01140404,-0.005497456,0.001544476,0.006872654,0.01145649
347,-0.002513409,-0.01680517,-0.01126146,-0.005060673,0.000888825,0.007270813,0.01114511
348,-0.002240181,-0.01706505,-0.01147032,-0.005405426,0.000758171,0.00657177,0.01108694
349,-0.002999306,-0.01728487,-0.01205158,-0.005807877,6.63E-05,0.006527424,0.01031494
350,-0.002938747,-0.01795912,-0.01215935,-0.006004333,0.00045681,0.00645256,0.01047802
351,-0.002924919,-0.01752853,-0.01162004,-0.005990982,0.000688553,0.006298065,0.009997845
352,-0.002429008,-0.01747561,-0.01110506,-0.005574226,0.000846386,0.006512165,0.01067686
353,-0.001976967,-0.01739597,-0.01134014,-0.006196976,0.000435829,0.006153584,0.00934267
354,-0.002714634,-0.01742554,-0.01202011,-0.006272316,-0.000151634,0.006067276,0.009263992
355,-0.002343655,-0.01816559,-0.0119586,-0.006875038,-0.000332356,0.006220818,0.008522511
356,-0.003007412,-0.01883888,-0.01214314,-0.006123543,-0.000691891,0.005959034,0.00748539
357,-0.002163887,-0.01913691,-0.012393,-0.005924702,-0.000397205,0.006432056,0.006518364
358,-0.002514362,-0.01866817,-0.01238966,-0.006178856,-0.000660896,0.005746841,0.007786751
359,-0.001858234,-0.01791382,-0.01163673,-0.005679607,0.000121594,0.005765438,0.008616924
360,-0.002444267,-0.01713753,-0.01247311,-0.007120132,-0.000889301,0.004704475,0.009261608
361,-0.002545357,-0.01627302,-0.0127964,-0.007539272,-0.001121521,0.004142284,0.01044512
362,-0.002867699,-0.01752234,-0.01284933,-0.00723362,-0.001189232,0.004072189,0.008230686
363,-0.002761841,-0.0182085,-0.0129199,-0.00645256,-0.001284122,0.005099773,0.007678986
364,-0.002253056,-0.01886368,-0.01248693,-0.006099701,-0.001550674,0.005391121,0.00629425
365,-0.002776146,-0.01925421,-0.01243401,-0.006002426,-0.001612186,0.005456924,0.005487442
366,-0.002378464,-0.01903677,-0.01153135,-0.005253792,-0.001095295,0.005685329,0.006322861
367,-0.001932144,-0.01744986,-0.0109601,-0.004658222,-0.000245571,0.006540298,0.007803917
368,-0.002391815,-0.01717949,-0.0111537,-0.004942894,4.82E-05,0.006081104,0.00812006
369,-0.001991272,-0.01732635,-0.01149178,-0.004862785,-0.000607967,0.006114483,0.007740498
370,-0.002140999,-0.01741314,-0.01204824,-0.006258488,-0.001172543,0.005114555,0.007029057
371,-0.002600193,-0.01823473,-0.01274872,-0.006518364,-0.001849174,0.004311085,0.006267071
372,-0.002746582,-0.01881313,-0.01291704,-0.006734848,-0.002008915,0.004422188,0.00624752
373,-0.002622128,-0.01851511,-0.01319504,-0.007013798,-0.002154827,0.004205227,0.006009102
374,-0.00222683,-0.01891136,-0.01301575,-0.006590843,-0.002093315,0.003863811,0.005889893
375,-0.00237608,-0.01815557,-0.01154375,-0.005468845,-0.000563622,0.00585413,0.007344723
376,-0.001649857,-0.01691437,-0.01102877,-0.004772663,-0.000440121,0.006291866,0.007763863
377,-0.002733231,-0.01782656,-0.01180744,-0.006019115,-0.00113678,0.005125046,0.006570339
378,-0.002027035,-0.01753664,-0.01071405,-0.004520893,-9.87E-05,0.006669998,0.007881165
379,-0.00142765,-0.01582241,-0.009119034,-0.002547264,0.001939297,0.008340836,0.009665966
380,-0.001759529,-0.01540089,-0.009491444,-0.00382328,0.001561642,0.008034706,0.009839535
381,-0.001939774,-0.01599932,-0.01026154,-0.00476265,0.000643253,0.006933212,0.008579731
382,-0.002429008,-0.01698542,-0.01090097,-0.004741192,-0.000450611,0.00534296,0.008274555
383,-0.002547741,-0.01635408,-0.00973177,-0.004447937,0.000228882,0.006516457,0.009037971
384,-0.002662182,-0.01656628,-0.01104641,-0.005136013,-0.000261307,0.005521774,0.008609772
385,-0.00260973,-0.01685286,-0.01104689,-0.004744053,-0.000342846,0.006131649,0.008270741
386,-0.002775669,-0.01664591,-0.01165199,-0.005446911,-0.001000881,0.005073071,0.007757664
387,-0.002413273,-0.01662016,-0.01048326,-0.004951477,-0.000113487,0.005815506,0.008161545
388,-0.001908779,-0.01507759,-0.00809145,-0.001865387,0.002757549,0.009137154,0.01105213
389,-0.002009869,-0.0139575,-0.008146286,-0.002592087,0.002754688,0.008432388,0.01220512
390,-0.002952099,-0.0159936,-0.01124334,-0.005781174,-0.000609398,0.004813671,0.009082317
391,-0.002624989,-0.01714849,-0.0119133,-0.006321907,-0.001926899,0.0043993,0.00681448
392,-0.00222683,-0.01559687,-0.009196758,-0.002841949,0.00109911,0.007490158,0.00908041
393,-0.001657009,-0.0124917,-0.005613327,0.000535011,0.005176544,0.01147223,0.01374197
394,-0.001746655,-0.01268721,-0.007085323,-0.001534462,0.003571033,0.009059429,0.01356936
395,-0.002042294,-0.01408434,-0.009409904,-0.003781319,0.001619339,0.006999969,0.01124096
396,-0.001959324,-0.01482105,-0.009753704,-0.004696846,0.000275612,0.005997181,0.009692192
397,-0.002367973,-0.01573181,-0.009778023,-0.004054546,0.000519753,0.006215096,0.00886488
398,-0.001883984,-0.01417065,-0.007099628,-0.000652313,0.003615379,0.01049042,0.01165009
399,-0.001603603,-0.01093388,-0.004779816,0.000789166,0.005820274,0.01153374,0.01528406
400,-0.001823425,-0.01272535,-0.008143425,-0.003404617,0.002127171,0.006995678,0.01279163
401,-0.002252102,-0.01520061,-0.0100832,-0.004974842,-0.000475407,0.005053997,0.009434223
402,-0.002405167,-0.01623821,-0.01151133,-0.006176472,-0.001324177,0.003984928,0.007841587
403,-0.00219202,-0.01601315,-0.01070929,-0.006031513,-0.001510143,0.004160404,0.007873058
404,-0.002421379,-0.01601839,-0.01017332,-0.004542828,6.15E-05,0.005517006,0.008212566
405,-0.001523972,-0.01360655,-0.007709503,-0.000979424,0.003041744,0.009079456,0.01112986
406,-0.001792908,-0.011765,-0.006055832,-0.00035429,0.004531384,0.01003695,0.01378584
407,-0.002286434,-0.01355362,-0.009143353,-0.004667282,0.000431538,0.0050807,0.01085806
408,-0.001704693,-0.01580238,-0.01081944,-0.00542593,-0.001281738,0.004541874,0.007784843
409,-0.002140999,-0.01570129,-0.009954929,-0.004449368,-3.81E-05,0.005869389,0.008487701
410,-0.00241375,-0.01509333,-0.0098629,-0.004736423,3.43E-05,0.004953384,0.00909853
411,-0.002193451,-0.01500082,-0.01086998,-0.005560875,-0.00104332,0.004045963,0.008011341
412,-0.001905918,-0.01515436,-0.00915575,-0.003956318,0.000510693,0.00621891,0.008556366
413,-0.001883507,-0.01357174,-0.006724358,-0.001111984,0.003186703,0.009773731,0.01143694
414,-0.001792908,-0.01230764,-0.006917477,-0.002166748,0.002376556,0.008449554,0.01304054
415,-0.002583027,-0.01427889,-0.009337425,-0.003892899,0.000517845,0.005114555,0.009722233
416,-0.002427578,-0.01539469,-0.01001596,-0.004781246,-0.00080061,0.004208088,0.007831573
417,-0.002613068,-0.01482201,-0.01068401,-0.004889965,-7.15E-06,0.004603386,0.008421421
418,-0.002367973,-0.01503611,-0.009906769,-0.004909992,-0.000551701,0.004559994,0.008690357
419,-0.002580166,-0.01556921,-0.01090479,-0.005302429,-0.001021385,0.003652573,0.007234573
420,-0.002491951,-0.01553249,-0.009766102,-0.00413084,0.000146866,0.00586462,0.008384705
421,-0.002106667,-0.0133214,-0.005908012,0.00016737,0.003890038,0.0103116,0.01125097
422,-0.001259327,-0.01037645,-0.002365589,0.003931522,0.007879734,0.01446342,0.01604557
423,-0.001171589,-0.009465694,-0.002904892,0.00294733,0.00756979,0.01302338,0.01718378
424,-0.001779079,-0.01105642,-0.005383492,-0.000225544,0.004781246,0.01025009,0.01473522
425,-0.001405239,-0.01204348,-0.006937981,-0.001868725,0.002599239,0.008037567,0.01218843
426,-0.001810551,-0.01398182,-0.009485245,-0.004567146,-0.000211716,0.004552364,0.008700371
427,-0.002545834,-0.01454878,-0.008986473,-0.003314018,0.000337601,0.006655693,0.008330345
428,-0.002440929,-0.01283741,-0.007132053,-0.001422405,0.002487183,0.007873535,0.01063061
429,-0.001379013,-0.01329803,-0.006082058,-0.000255585,0.003128529,0.00985527,0.01169682
430,-0.001737118,-0.01072693,-0.002402782,0.003830433,0.00778389,0.01447582,0.01522541
431,-0.001219273,-0.007032394,-0.00105238,0.004265308,0.009532452,0.01447105,0.01895094
432,-0.001596451,-0.00948,-0.005587101,-0.000654221,0.004386425,0.009031296,0.01508617
433,-0.002241611,-0.01343107,-0.006996632,-0.001197338,0.002147675,0.007827282,0.009771347
434,-0.001832485,-0.01139545,-0.00544548,0.00056839,0.004227161,0.01039076,0.01202393
435,-0.001815319,-0.01224566,-0.007772923,-0.002877712,0.001448631,0.005484104,0.01070309
436,-0.002407074,-0.01382113,-0.007955551,-0.002245426,0.000776768,0.007453442,0.008729935
437,-0.00183773,-0.01225901,-0.00661993,-0.000787735,0.003076077,0.008519173,0.01144361
438,-0.002535343,-0.01234913,-0.006470203,-0.00101757,0.002654076,0.008870125,0.01156855
439,-0.001363277,-0.0122366,-0.006093025,-0.000914097,0.003120899,0.00886488,0.01131725
440,-0.001711369,-0.0137105,-0.008638859,-0.003174305,0.001196384,0.006341934,0.00897646
441,-0.00181818,-0.01528883,-0.008063793,-0.002755642,0.000253677,0.007324696,0.006323814
442,-0.001957893,-0.01466036,-0.00877142,-0.003774166,0.000520229,0.005852222,0.008114338
443,-0.001368523,-0.01445627,-0.008561134,-0.00304985,0.000377655,0.005793095,0.008324623
444,-0.00185442,-0.01368666,-0.008494377,-0.003552437,0.000871182,0.006759644,0.008065224
445,-0.002267838,-0.01456261,-0.009705544,-0.00425005,3.29E-05,0.004780293,0.007749081
446,-0.001825333,-0.01454544,-0.008536816,-0.004078388,0.000460625,0.006171703,0.008025169
447,-0.0028615,-0.01551151,-0.009200573,-0.005048275,-0.000915527,0.004721165,0.00709486
448,-0.000944138,-0.01481104,-0.00976038,-0.004398346,0.000563622,0.005394936,0.007541656
449,-0.002180099,-0.01533222,-0.009765148,-0.004288673,-0.00151825,0.004841328,0.007502079
450,-0.0014534,-0.01453352,-0.009840012,-0.004328251,-0.000826359,0.004420757,0.007147789
451,-0.003109455,-0.01580048,-0.0115099,-0.005720615,-0.002657413,0.003079414,0.006392956
452,-0.002822399,-0.01549864,-0.01025677,-0.006026745,-0.00143671,0.003672123,0.005474567
453,-0.00211525,-0.01542425,-0.01123619,-0.005787373,-0.001376152,0.00373745,0.006342888
454,-0.00181818,-0.01475954,-0.0101223,-0.005576611,-0.002200127,0.003929138,0.005755424
455,-0.001236439,-0.01567698,-0.01030493,-0.005000591,-0.001182556,0.003858566,0.005117893
456,-0.003010273,-0.01558781,-0.01018667,-0.004938602,-0.001220703,0.005092144,0.006284237
457,-0.001742363,-0.01397562,-0.008029938,-0.00277853,0.00102663,0.007252216,0.008171558
458,-0.002640247,-0.01425457,-0.007282257,-0.002018452,0.00133419,0.008024216,0.00805521
459,-0.001447201,-0.0116024,-0.005325317,0.000433922,0.004787922,0.01023626,0.01156902
460,-0.001610279,-0.01154804,-0.006183147,-0.000113487,0.003552914,0.009138107,0.01178885
461,-0.000105381,-0.01087332,-0.004944801,0.000208855,0.004339218,0.009959698,0.01215076
462,-0.002167702,-0.01340103,-0.008140087,-0.003614902,0.000563145,0.005414486,0.008704185
463,-0.002174377,-0.01397371,-0.006996155,-0.000972748,0.001413345,0.006837845,0.007460117
464,-0.001275539,-0.01268864,-0.005075455,0.001177311,0.004340649,0.01071262,0.01026106
465,-0.001782894,-0.009361267,-0.00195694,0.003508568,0.007174492,0.01408672,0.01355219
466,-0.002026558,-0.009244919,-0.002633095,0.003262043,0.007374763,0.012362,0.01529789
467,-0.001814365,-0.009328842,-0.003761292,0.001458645,0.005482197,0.01104021,0.01506662
468,-0.000745773,-0.009743214,-0.003387451,0.003516674,0.007169724,0.01302338,0.01472569
469,-0.002128601,-0.01076651,-0.004719734,-9.87E-05,0.00394249,0.009858131,0.01413107
470,-0.001618385,-0.01308537,-0.0077281,-0.005067825,0.000133038,0.004137516,0.009689808
471,-0.002437592,-0.01567841,-0.009961128,-0.005207062,-0.001459122,0.003675938,0.005683899
472,-0.004657745,-0.01580238,-0.01012278,-0.004956722,-0.001272678,0.004863262,0.004783154
473,-0.001693249,-0.01285934,-0.00668478,0.000183582,0.002846718,0.01069641,0.008538723
474,-0.002161503,-0.01160097,-0.005503654,0.000229359,0.003973961,0.009986401,0.01095009
475,-0.000955105,-0.01109362,-0.004460812,0.001306534,0.004755497,0.009871483,0.01175976
476,-0.000199795,-0.009236336,-0.002819061,0.002952576,0.006241798,0.01201582,0.01380444
477,-0.000854015,-0.01034212,-0.003700256,0.000648975,0.005157948,0.01025772,0.01228046
478,-0.00164175,-0.01105547,-0.004964352,0.000370503,0.002821922,0.009949684,0.01080084
479,-0.001176357,-0.01211834,-0.006398201,-0.000918388,0.002055645,0.007656574,0.009358883
480,-0.001037598,-0.01123571,-0.004719734,0.001961708,0.004832268,0.01030397,0.01086712
481,-0.000766277,-0.01185131,-0.004323959,0.001279831,0.00462532,0.01060867,0.01218319
482,-0.000775814,-0.01011324,-0.003418922,0.001801491,0.004851818,0.01069641,0.01278591
483,-0.001025677,-0.01029587,-0.002918243,0.001838684,0.005188942,0.01083279,0.01204872
484,-0.000642777,-0.01020575,-0.003504276,0.002770424,0.005327225,0.01213551,0.01161909
485,-0.000358105,-0.01137066,-0.000560284,0.007070541,0.008057594,0.01609993,0.01126862
486,-0.000168324,-0.008224964,0.003965855,0.01195002,0.01328182,0.02205038,0.01518917
487,-0.000435352,0.001294613,0.002930641,0.005427837,0.01346874,0.01593542,0.02969074
488,-7.53E-05,-0.002643108,-0.000398636,0.002405643,0.00902462,0.01167107,0.02266836
489,-0.001244545,-0.008185863,-0.001596928,0.004885197,0.007815838,0.0136385,0.01482725
490,-0.00098896,-0.009101391,-0.002235889,0.003434658,0.007239342,0.01265383,0.01488018
491,-0.001459122,-0.009890556,-0.003658772,0.001684666,0.004581451,0.01026821,0.01323795
492,-0.000957489,-0.01201963,-0.004872799,0.000673771,0.00374651,0.009063721,0.01080751
493,-0.001597404,-0.01015234,-0.003148556,0.003347874,0.004574299,0.01165199,0.01176405
494,-0.001345158,-0.01019478,-0.003458023,0.001908779,0.005855083,0.01136637,0.01195002
495,-0.000542164,-0.009677887,-0.003525734,0.001888275,0.004124165,0.01044083,0.01272535
496,-0.001229763,-0.01039886,-0.002762318,0.003784657,0.005108356,0.01366377,0.01094007
497,-0.000548363,-0.007150173,-0.001377106,0.004492283,0.008176804,0.01306438,0.01575518
498,0.000198841,-0.009196758,-0.003504276,0.00253582,0.0052948,0.01136446,0.0131731
499,-0.001037121,-0.009902,-0.001856804,0.00381279,0.006489754,0.01231384,0.01209354
500,-0.001384258,-0.00998354,-0.00331974,0.002171993,0.004836559,0.01070976,0.01148844
501,-0.001294613,-0.009304047,-0.002203941,0.003630161,0.006406307,0.01252985,0.01261806
502,-0.001111984,-0.009281635,-0.00233984,0.004200459,0.006884098,0.01263285,0.0132103
503,-0.000199795,-0.008096695,-0.000898361,0.005413532,0.008430004,0.01392174,0.01501465
504,-0.000152111,-0.006990433,-0.000427246,0.005046844,0.00813055,0.01445818,0.01573706
505,-0.001340866,-0.007941246,-0.000945568,0.004080296,0.007891178,0.01370668,0.01455545
506,-0.000844955,-0.009806633,-0.003073692,0.002930641,0.004849911,0.01138687,0.01233578
507,-0.001255512,-0.009454727,-0.005029678,0.000586033,0.004086971,0.01048946,0.01153898
508,-0.001054287,-0.01022816,-0.0036726,0.002004147,0.005184174,0.009962082,0.01176262
509,-0.00106144,-0.00946188,-0.003705978,0.001585007,0.005357265,0.01050138,0.01267481
510,-0.000433922,-0.009996891,-0.00281477,0.001997471,0.006500244,0.01178932,0.01249838
511,0.000449181,-0.008574009,-0.001333714,0.004433155,0.00712204,0.0141573,0.01498652
512,-0.000619412,-0.007314682,-0.000897884,0.004802227,0.007544994,0.01319027,0.01595688
513,-0.000642777,-0.009054184,-0.001765728,0.00350523,0.00714922,0.01319122,0.01494837
514,-0.000572681,-0.009182453,-0.002848625,0.002560616,0.006483078,0.01095629,0.01326799
515,-0.000729084,-0.009038448,-0.004605293,0.00056839,0.003623486,0.008948326,0.01152849
516,-0.001692295,-0.01056147,-0.004368782,0.000354767,0.004041672,0.01033306,0.01093912
517,0.000229359,-0.009508133,-0.004086971,0.001255989,0.004764557,0.01091242,0.01286268
518,-0.000801086,-0.009036064,-0.001437187,0.003798485,0.007472992,0.0123868,0.01424503
519,-0.001802444,-0.01017332,-0.002717495,0.002973557,0.006164551,0.01138878,0.01287127
520,-0.001899242,-0.008768559,-0.004694462,0.001060009,0.005513191,0.01042461,0.01282597
521,-0.001115322,-0.0109334,-0.004337311,0.001183033,0.003923416,0.009189129,0.01017284
522,0.000335693,-0.008639812,-0.003010273,0.002693176,0.005743027,0.01087475,0.01363659
523,-0.001766682,-0.01131105,-0.005484581,-9.54E-05,0.00365448,0.008946896,0.009783268
524,-0.000853539,-0.0109973,-0.003563881,0.0012784,0.004661083,0.01036692,0.01026201
525,3.91E-05,-0.00886488,-0.002067566,0.002433777,0.006809235,0.0106101,0.01229239
526,0.000704289,-0.009783745,-0.002403736,0.002839565,0.005455971,0.0118475,0.01251221
527,-0.000995636,-0.01020527,-0.003606319,0.003049374,0.005992413,0.01083994,0.01316929
528,-0.000893593,-0.01073217,-0.004178524,0.000765324,0.004924774,0.009848595,0.01179695
529,-0.002244949,-0.01170111,-0.005123138,-0.000170708,0.002483845,0.009703159,0.01077843
530,-0.000634193,-0.008337498,-0.003306389,0.001634598,0.005221844,0.01111937,0.01169682
531,-0.000356197,-0.009982109,-0.003513336,0.000145435,0.004364014,0.009750366,0.01086521
532,-0.00164175,-0.01056194,-0.004157066,0.00232172,0.004118443,0.01025295,0.01029682
533,-0.001154423,-0.01110792,-0.004441261,0.002304554,0.003544331,0.01134109,0.008399963
534,-0.001370907,-0.01125526,-0.004646301,0.000787258,0.0037117,0.01036978,0.01024199
535,-0.000253677,-0.009435654,-0.002086163,0.002982616,0.006211281,0.01245308,0.01246166
536,-0.000328541,-0.007197857,-0.001201153,0.004398823,0.007793427,0.01294327,0.01477575
537,-0.001057625,-0.008995056,-0.003023148,0.002463341,0.005644798,0.01090288,0.01138783
538,-0.000753403,-0.009905338,-0.002586365,0.004309654,0.007425308,0.012537,0.01113462
539,1.34E-05,-0.008676052,-0.002137661,0.003529072,0.00575304,0.01181984,0.01245642
540,-0.001219273,-0.00885582,-0.002664566,0.002642632,0.00631094,0.01143932,0.01277876
541,-0.000281811,-0.009289742,-0.001035213,0.003722668,0.006302357,0.01279259,0.01292372
542,-0.000270844,-0.009150505,-0.002482414,0.003611565,0.006773472,0.01322412,0.01325464
543,-0.001487255,-0.00847578,-0.001817226,0.00292778,0.005737782,0.01188469,0.01183367
544,-0.000753403,-0.009936333,-0.003326893,0.001812458,0.004939556,0.01010418,0.01005983
545,-0.002044678,-0.009995461,-0.004499435,0.000687122,0.004270554,0.009292603,0.01056671
546,0.000198841,-0.008341312,-0.002511024,0.002566814,0.006425381,0.01195526,0.01186132
547,-0.001758099,-0.009816647,-0.003047943,0.003312111,0.006165504,0.01213646,0.01057816
548,-0.000798702,-0.008254051,-0.001461506,0.003950119,0.006520271,0.01306915,0.01206064
549,-0.000241756,-0.007851124,-0.00130415,0.002421856,0.006710529,0.01232815,0.01367092
550,-0.000645161,-0.008229256,-0.002253056,0.002963543,0.005927563,0.01174402,0.01294422
551,-0.000115871,-0.008805752,-0.002509594,0.002185345,0.005433083,0.01148939,0.01163721
552,-5.77E-05,-0.0100174,-0.003359795,0.002160549,0.005095005,0.01215935,0.01015234
553,-0.001386642,-0.01019096,-0.003812313,0.001420021,0.005002499,0.01089478,0.01068115
554,-0.001441956,-0.01002932,-0.004213333,0.001213074,0.003874779,0.009803295,0.01098967
555,-0.000121117,-0.008957863,-0.002683163,0.002124786,0.005397797,0.01094675,0.01076984
556,-0.000662804,-0.008507252,-0.002189636,0.002017498,0.006034374,0.0111208,0.01138163
557,-0.000752449,-0.008969307,-0.002597332,0.002378941,0.005177021,0.01146317,0.01251316
558,-0.001823425,-0.008897305,-0.002819061,0.002745152,0.005394936,0.01058626,0.01218128
559,-0.000851154,-0.009950161,-0.004172802,0.00114584,0.003956795,0.009925842,0.01081991
560,-0.001308918,-0.01118755,-0.004295349,0.000240803,0.003473759,0.009661674,0.008041382
561,-0.001580238,-0.01063013,-0.00455761,0.000854969,0.003464222,0.01057816,0.009936333
562,-0.001482964,-0.009481907,-0.002910137,0.001269341,0.004948139,0.01027298,0.01109552
563,-0.00118351,-0.01134253,-0.00523901,0.000478268,0.003014565,0.008497238,0.008318424
564,-0.000534535,-0.01176023,-0.005083084,0.000581741,0.003450394,0.008914948,0.007745266
565,-0.001059055,-0.01158285,-0.005923271,-0.001379013,0.001832485,0.006935596,0.008072376
566,-0.000744343,-0.01218081,-0.007390022,-0.001867294,0.000552177,0.006605148,0.006811619
567,-0.0011096,-0.01284933,-0.006034851,-0.001318932,0.000826836,0.007905483,0.005442142
568,-0.002835274,-0.01461744,-0.009195805,-0.003543854,-0.001426697,0.004527092,0.002377987
569,-0.001832485,-0.01605368,-0.009222031,-0.00290823,-0.001649857,0.005620956,0.001036644
570,-0.001586437,-0.01469135,-0.008839607,-0.003133297,-0.000987053,0.005179882,0.003433228
571,-0.001710892,-0.01558876,-0.00882864,-0.003245354,-0.001543522,0.005243778,0.003222942
572,-0.001372337,-0.01171923,-0.005957603,0.000235558,0.002829552,0.008791924,0.008837223
573,-0.00078392,-0.01341295,-0.006723404,-0.001122475,0.001321316,0.007299423,0.006031513
574,-0.001645088,-0.01615047,-0.009602547,-0.003660679,-0.001768112,0.00460577,0.001908779
575,-0.001329422,-0.01309395,-0.007343769,-0.001981258,0.001133919,0.006514549,0.00726366
576,-0.001475811,-0.01330757,-0.008179188,-0.003150463,-0.000130177,0.005315781,0.006717205
577,-0.001922131,-0.0178957,-0.01056433,-0.004683018,-0.002908707,0.003531933,4.67E-05
578,-0.001787186,-0.01525211,-0.008951664,-0.003578663,-0.001238346,0.005104065,0.00431633
579,-0.001555443,-0.01238489,-0.007704258,-0.002822876,0.000668049,0.005298138,0.00737381
580,-0.00163269,-0.0132165,-0.0078969,-0.00260067,2.67E-05,0.005689144,0.006139278
581,-0.001262188,-0.0168643,-0.008645058,-0.002547264,-0.001269817,0.005402088,0.000441551
582,-0.001590729,-0.0138607,-0.008702278,-0.003685474,-0.001027107,0.004702568,0.005170822
583,-0.001993656,-0.009973526,-0.009638786,-0.007248878,-0.0017519,0.000982285,0.009773254
584,-0.001437664,-0.01588726,-0.0092659,-0.003903866,-0.001681328,0.004288673,0.001914501
585,-0.001427174,-0.01568127,-0.00839901,-0.002421379,-0.000961781,0.005740643,0.002379417
586,-0.001451492,-0.01225805,-0.008932114,-0.005040646,-0.001252174,0.003098965,0.006615639
587,-0.001601219,-0.01422501,-0.009362221,-0.004800797,-0.002126694,0.003325462,0.003727436
588,-0.001867771,-0.01499844,-0.01002693,-0.005366802,-0.002887249,0.002536297,0.002400398
589,-0.001845837,-0.01343203,-0.01047421,-0.005937576,-0.002522945,0.001955986,0.005048752
590,-0.002149105,-0.01463938,-0.01102877,-0.006528378,-0.004120827,0.001054764,0.001963615
591,-0.002430439,-0.01385164,-0.009935379,-0.005262852,-0.002586365,0.003006458,0.004060268
592,-0.001644135,-0.01575375,-0.008532524,-0.002934933,-0.001757145,0.004588127,0.001476765
593,-0.001632214,-0.01542377,-0.008860111,-0.002819538,-0.001250267,0.00566864,0.001705647
594,-0.001698017,-0.01258039,-0.009842396,-0.006291389,-0.002350807,0.001678467,0.005684853
595,-0.002078533,-0.01556826,-0.009698391,-0.004781723,-0.002738953,0.002959728,0.001605034
596,-0.001538754,-0.01236916,-0.009265423,-0.004795074,-0.001654148,0.002281189,0.005253315
597,-0.000969887,-0.0121007,-0.007409096,-0.003562927,-0.000858784,0.004192829,0.005758286
598,-0.001684189,-0.01533079,-0.008926868,-0.00369215,-0.001632214,0.004039764,0.001535892
599,-0.002056599,-0.0157752,-0.01011276,-0.004715919,-0.003107071,0.003473759,0.001173973
600,-0.001320839,-0.01357555,-0.008291245,-0.003970623,-0.001234531,0.004355907,0.004566669
601,-0.001315594,-0.01264477,-0.007639885,-0.003128529,-0.000227928,0.004629135,0.005357265
602,-0.001972198,-0.0141201,-0.009599209,-0.004553795,-0.00139761,0.003479004,0.004227161
603,-0.001948833,-0.01797438,-0.01163197,-0.005786419,-0.00431776,0.0018363,-0.000732422
604,-0.001617432,-0.01334333,-0.008961201,-0.004541397,-0.001840591,0.003265381,0.004652977
605,-0.001697063,-0.01378345,-0.008104801,-0.003240585,-0.000456333,0.004533768,0.004601479
606,-0.002279282,-0.01580381,-0.01007414,-0.004555702,-0.00285244,0.003158092,0.00245142
607,-0.001440525,-0.01347494,-0.008195877,-0.003523827,-0.000438213,0.004487514,0.005157948
608,-0.001595497,-0.01239491,-0.007314205,-0.002542973,1.62E-05,0.005363941,0.005643845
609,-0.001189709,-0.01248264,-0.007166862,-0.002707005,0.000152111,0.005472183,0.004606247
610,-0.001438141,-0.01492548,-0.009697914,-0.004593372,-0.00280571,0.003356457,0.001859188
611,-0.001671314,-0.01444864,-0.009447098,-0.004877567,-0.002682686,0.002946854,0.002482891
612,-0.001283169,-0.01362324,-0.00921154,-0.004525661,-0.002274513,0.003036976,0.002874374
613,-0.002130508,-0.014781,-0.008934498,-0.00418663,-0.00224638,0.003870964,0.002807617
614,-0.001438618,-0.01356697,-0.007612705,-0.002684116,-0.000124455,0.005529881,0.003740788
615,-0.001730442,-0.01193666,-0.00616312,-0.000869274,0.001019478,0.006875992,0.005795956
616,-0.001083374,-0.01122284,-0.007070065,-0.002278328,-0.00010109,0.005110741,0.00618124
617,-0.001080036,-0.01203823,-0.007492065,-0.00194788,-0.000624657,0.005421162,0.004537582
618,-0.001047611,-0.01475096,-0.009626389,-0.003828526,-0.00285244,0.003462791,0.000780582
619,-0.001354218,-0.01358557,-0.006917,-0.001280785,-0.000583649,0.00644207,0.002728939
620,-0.00147438,-0.01361942,-0.005920887,-0.00069809,-2.05E-05,0.006836414,0.002578735
621,-0.000664234,-0.01158476,-0.007341862,-0.001513004,0.000722885,0.006775856,0.006737232
622,-0.000935078,-0.01263618,-0.007167339,-0.001889706,0.000936985,0.005087376,0.005966663
623,-0.000273228,-0.009843349,-0.006275654,-0.001384258,0.001215458,0.005871773,0.008376598
624,-0.000866413,-0.01070309,-0.007519722,-0.003453732,0.000216484,0.004137039,0.007651806
625,-0.001220226,-0.01131248,-0.007719517,-0.002897739,-0.001168728,0.004270077,0.004463673
626,-0.000534535,-0.01008463,-0.006056786,-0.001990795,0.001189232,0.00617218,0.007797718
627,-0.002121449,-0.01234484,-0.006546497,-0.000825882,0.000653267,0.006462574,0.004761219
628,-0.001930714,-0.01132488,-0.005737782,-0.00043869,0.001086712,0.007298946,0.005653381
629,-0.000222683,-0.01045752,-0.005660534,-0.000128746,0.001572132,0.008757591,0.006718636
630,-0.002388954,-0.01078367,-0.005920887,-0.001121998,0.002047062,0.007218838,0.006416798
631,-0.000561714,-0.01013565,-0.005526543,-0.000982761,0.001434326,0.007383823,0.008061886
632,0.000244618,-0.009856701,-0.004534245,-0.000377178,0.002431393,0.006750584,0.008883476
633,-0.000688076,-0.01106119,-0.004719734,-2.81E-05,0.003665924,0.007902622,0.007590771
634,-0.000727654,-0.009057999,-0.00328207,0.00038147,0.002580166,0.008162022,0.009644508
635,-0.00038147,-0.00934124,-0.003722668,0.001572609,0.003769875,0.0100317,0.008033752
636,-0.000786305,-0.008583069,-0.002090931,0.002009392,0.002938747,0.009439945,0.009646416
637,-0.000312805,-0.007858753,-0.001310825,0.00378561,0.005582333,0.01047516,0.01079988
638,0.000266075,-0.007164001,-0.001538277,0.00394392,0.005689144,0.01164436,0.01151609
639,-0.000928402,-0.00772953,-0.002298832,0.000843048,0.003509521,0.009488583,0.009473324
640,-0.001034737,-0.008943558,-0.002851009,0.001878738,0.003188133,0.00954771,0.009057999
641,-0.000499725,-0.008450985,-0.000844002,0.001180649,0.006699562,0.01093149,0.01076031
642,-0.002781868,-0.009955883,-0.0060215,0.000514984,0.002632618,0.008426189,0.009120464
643,0.00039053,-0.01133013,-0.002305508,0.003139019,0.0048666,0.009744644,0.008030415
644,-0.002456188,-0.01050043,-0.003637791,0.001036644,0.001355648,0.009299278,0.008574009
645,-0.002475262,-0.01034689,-0.00060606,0.005076885,0.005484581,0.008878708,0.01205444
646,-0.00079298,-0.006918907,-0.004379272,0.001033306,0.005616665,0.01086569,0.008450031
647,-0.00238657,-0.005727768,-0.002603531,0.003901958,0.004305363,0.01094484,0.01004457
648,6.20E-05,-0.008115768,-0.001298428,0.003325939,0.004237652,0.01104403,0.01242018
649,-0.000299931,-0.008640766,-0.001593113,0.006018162,0.004301071,0.01180553,0.01164675
650,-0.000570297,-0.009891033,-0.001183987,0.000690937,0.003112793,0.008598328,0.01281929
651,-0.003473759,-0.005825043,7.34E-05,0.004015923,0.006080151,0.01078415,0.01325274
652,-0.00286293,-0.008356571,-0.002479553,0.001392365,0.006349564,0.01130819,0.01011562
653,-0.003153324,-0.009004593,-0.003509521,0.004020214,0.004025936,0.01250458,0.01338005
654,0.000334263,-0.004466534,0.001849174,0.00251627,0.008257389,0.01132345,0.01397181
655,0.001297951,-0.00763464,0.003700733,0.01071644,0.01114702,0.02075958,0.01168442
656,0.000665665,-0.005419254,0.009545326,0.01817942,0.01655674,0.02540922,0.01342249
657,-0.000230789,0.01364183,0.005712509,0.004341602,0.01549578,0.01263571,0.04023504
658,0.001344204,0.007585526,0.002374172,0.003038406,0.01181555,0.01047564,0.03150988
659,0.001274586,-0.006473541,0.000418186,0.004543304,0.00631094,0.0143075,0.01229763
660,-0.003166199,-0.007187843,-0.001947403,0.002103329,0.005493164,0.01095057,0.01398134
661,0.00061655,-0.005664825,0.000358105,0.005401611,0.005447865,0.01396751,0.01504087
662,-0.000469208,-0.001805305,0.002336979,0.008786678,0.01200628,0.01535797,0.01633692
663,0.001494884,-0.007243633,-0.002245903,0.00278616,0.005645275,0.01121187,0.008973598
664,-0.004700184,-0.009135246,0.000185967,0.001903534,0.002322674,0.01070833,0.01009703
665,-0.000749111,-0.006732464,-0.003243446,0.005029202,0.007381439,0.01199484,0.008001328
666,-3.81E-06,-0.005456924,-0.001842022,0.0082407,0.005678177,0.01239252,0.01221371
667,-0.001451015,-0.007583141,-0.000227451,0.004976749,0.004115105,0.01339436,0.01280117
668,-0.00326252,-0.01019096,-0.00231266,0.002568722,0.004261494,0.01097155,0.01240063
669,-0.002066612,-0.007208347,-0.001936436,0.000395298,0.007205486,0.01181984,0.008214474
670,-0.001749516,-0.00605011,-0.000240803,0.003432274,0.00620079,0.01098061,0.01213169
671,-0.000859737,-0.006293297,0.001729488,0.005563259,0.007289886,0.01334906,0.01300287
672,-0.000664711,-0.009572029,-0.003758907,0.002695084,0.003433704,0.01057005,0.006638527
673,-0.000905514,-0.008577347,-0.003730774,0.001233101,0.003393173,0.008789063,0.01062346
674,-0.00085783,-0.004946232,-0.000884056,0.00479269,0.006055832,0.01253366,0.01383352
675,-0.000358582,-0.005643368,0.000555515,0.006326199,0.008278847,0.01309729,0.0131793
676,-5.29E-05,-0.005451679,-3.48E-05,0.005953789,0.007055283,0.01293802,0.01331997
677,0.001046181,-0.006686687,0.000638962,0.004331589,0.007651806,0.01302814,0.0142684
678,0.000190258,-0.008176804,-0.002565384,0.002525806,0.004405022,0.0114603,0.009987354
679,-0.000665188,-0.007217884,-0.002086163,0.003136635,0.005963802,0.01172924,0.01075411
680,-0.000674248,-0.007687092,-0.001010418,0.00338459,0.005087376,0.01127195,0.01161814
681,0.000366688,-0.006169319,-0.001191139,0.003118992,0.005674362,0.01144743,0.01042891
682,-0.000380039,-0.006605148,-0.000817299,0.003630161,0.007047653,0.0127368,0.01254606
683,4.72E-05,-0.005994797,-0.001058578,0.003073692,0.004925251,0.01108646,0.01188421
684,-0.000996113,-0.009091854,-0.003184319,0.002811909,0.004825115,0.01043034,0.007428169
685,0.000627995,-0.007689476,-0.002012253,0.003770828,0.005613804,0.01251984,0.009678841
686,-3.67E-05,-0.007287025,-0.002421379,0.003283024,0.006089687,0.01127577,0.01110411
687,-7.44E-05,-0.00817728,-0.002970695,0.001715183,0.004911423,0.008777142,0.0102725
688,-0.001358986,-0.007157326,-0.00320816,0.002752304,0.003977299,0.009988785,0.01044941
689,-0.001141071,-0.006459236,-0.00223875,0.003363132,0.003460407,0.01034403,0.009172916
690,-0.001270771,-0.00831461,-0.002217293,0.001953602,0.004814148,0.009853363,0.009557724
691,3.00E-05,-0.007813454,-0.002570152,0.004296303,0.005437851,0.01028919,0.009975433
692,-0.001702785,-0.008079052,-0.002848625,0.002647877,0.005500317,0.01044178,0.009676456
693,-0.000992298,-0.007246971,-0.002263069,0.001671314,0.004361629,0.01037025,0.00804472
694,-0.000195503,-0.005371094,0.000515461,0.003590107,0.007277489,0.01226616,0.0135417
695,0.00023365,-0.008482933,-0.00112915,0.004290104,0.00597477,0.01087332,0.01023006
696,-0.000641346,-0.005321026,0.000412941,0.003781319,0.006727219,0.01027536,0.01167536
697,-0.001173973,-0.0100646,-0.003156662,0.003502846,0.003222942,0.01090622,0.006454945
698,0.000125885,-0.005295277,-0.001525879,0.004005432,0.006348133,0.01123619,0.01272392
699,6.01E-05,-0.00750351,-0.000762463,0.002110481,0.004327774,0.01046753,0.00974369
700,-0.000416756,-0.006514072,-0.001635551,0.002233028,0.005012512,0.009380341,0.01082945
701,-0.001064777,-0.006420135,-0.001414299,0.004343987,0.006079197,0.01062298,0.01049471
702,-0.000727177,-0.00672245,-0.002016068,0.003405094,0.006243706,0.01141596,0.009446621
703,-0.001365185,-0.007943153,-0.000770569,0.003555298,0.005964756,0.01117039,0.01093769
704,-0.000307083,-0.006795883,-0.001737595,0.002809048,0.002918243,0.01001883,0.008586407
705,-0.000365257,-0.00568676,0.001161098,0.006061554,0.006866932,0.01224232,0.01219416
706,-0.000832558,-0.005800724,-0.000589371,0.004691124,0.005136013,0.01293802,0.01152372
707,-0.001098633,-0.009101391,-0.002121925,0.003676891,0.004589081,0.01118994,0.00822401
708,0.000308514,-0.006864071,-0.001692295,0.003810883,0.004501343,0.01166677,0.01027679
709,0.000199318,-0.005485535,-0.000819206,0.003899097,0.006274223,0.01147318,0.01191235
710,-0.001372337,-0.007403851,-0.001814365,0.003182411,0.003719807,0.01033115,0.008776188
711,-0.001958847,-0.008617401,-0.00120163,0.002426624,0.004063606,0.009810925,0.009366035
712,-0.001227856,-0.005047321,9.39E-05,0.003698826,0.006748676,0.01321554,0.0114255
713,0.001355171,-0.003973007,0.002042294,0.006791592,0.008985519,0.01248646,0.01275587
714,-0.00070715,-0.006037235,-0.000473499,0.004597664,0.005315781,0.01113796,0.009747982
715,-0.000211239,-0.006447792,-0.001084328,0.004251003,0.006689072,0.01091003,0.009772301
716,-0.001345158,-0.006578445,-0.000853062,0.004336357,0.005454063,0.01045465,0.01092291
717,-0.001930237,-0.005718231,-0.000212193,0.004482269,0.007193089,0.01234388,0.01137161
718,0.000870228,-0.004579067,0.001914978,0.00698185,0.008067608,0.01429558,0.01137114
719,-0.00035429,-0.00475502,0.000253677,0.005125523,0.007790565,0.0119338,0.01134443
720,-0.001087189,-0.003349304,0.001400948,0.005899906,0.006911755,0.01314878,0.01367903
721,0.001081944,-0.005217075,0.000742912,0.006135464,0.007916451,0.01301241,0.01135159
722,-0.001155853,-0.004898071,0.001502037,0.005818367,0.006947994,0.01468372,0.01187086
723,-7.77E-05,-0.003593922,0.00195837,0.006885529,0.009160995,0.0136652,0.0146637
724,0.001430035,-0.004710197,0.001749992,0.007144451,0.007561207,0.01323891,0.01309156
725,0.000815868,-0.0060215,0.000181675,0.005101204,0.006592751,0.01245975,0.01112223
726,-0.001027584,-0.005573273,0.001113415,0.006665707,0.007480621,0.01269913,0.0114584
727,-0.00235939,-0.006081581,0.000370979,0.004471779,0.006308079,0.01219463,0.01162004
728,0.000654697,-0.004404545,0.002407074,0.007388115,0.009372234,0.01536369,0.01356316
729,-0.000891209,-0.003474236,0.002026558,0.006896496,0.01018572,0.01585054,0.01613379
730,-0.000207901,-0.004908085,0.001654148,0.0078578,0.008996964,0.01474285,0.01395845
731,0.000229359,-0.004397869,0.00313139,0.00851059,0.0100832,0.01648569,0.01412487
732,-0.00054121,-0.004297733,0.002112389,0.006598473,0.009070396,0.01336956,0.01184607
733,-0.000102997,-0.002880096,0.00421381,0.009006023,0.01125336,0.01585388,0.01519108
734,-0.000368118,-0.005308628,0.002275467,0.007228851,0.008653641,0.01489019,0.01196051
735,-0.001117229,-0.004787445,0.001504898,0.006038666,0.008139133,0.012784,0.01250887
736,0.000214577,-0.003455639,0.002987862,0.008385181,0.01038742,0.01561069,0.01503229
737,-0.000800133,-0.005979061,0.001945972,0.007525444,0.00748682,0.01369619,0.0105772
738,-0.001254082,-0.004890919,0.001489639,0.004339695,0.008275509,0.01213551,0.0118556
739,-0.000392437,-0.005139351,0.002243519,0.008138657,0.00792408,0.01390076,0.01149321
740,0.000271797,-0.006018162,-2.43E-05,0.004330635,0.007370472,0.01242638,0.009818554
741,0.00033474,-0.003517628,0.001694679,0.006996632,0.008609772,0.01297331,0.01340532
742,6.96E-05,-0.00545454,0.00170517,0.00737381,0.007302761,0.0125885,0.01153231
743,0.000235081,-0.005560875,0.001568317,0.005649567,0.006539822,0.01298761,0.01238871
744,0.000277042,-0.004890919,0.000301361,0.006458282,0.006813526,0.0107336,0.0104804
745,0.001051426,-0.005362988,0.002865791,0.0061059,0.008692265,0.01422501,0.01272869
746,-0.000386238,-0.005867004,0.000366688,0.005660534,0.007381439,0.01197672,0.01050282
747,-0.000359058,-0.005393505,0.001696587,0.006378651,0.007133484,0.01352787,0.01257706
748,-0.00074625,-0.00509119,0.000778675,0.007045746,0.008839607,0.01377535,0.01212549
749,-0.000625134,-0.005679607,0.001486301,0.006528378,0.00837183,0.01399851,0.01121426
750,-0.000641823,-0.006844521,-0.000477314,0.004216194,0.004543304,0.01085329,0.008897305
751,0.001505375,-0.004210472,0.00189209,0.006390095,0.007264614,0.01333904,0.01117277
752,-0.000259399,-0.004015446,0.003204823,0.00876236,0.009932518,0.01533461,0.01410484
753,0.000369072,-0.003633499,0.003734112,0.009613991,0.01125288,0.01669836,0.01517916
754,-0.000115871,-0.003212929,0.002976894,0.008599758,0.01015759,0.01672029,0.01342869
755,-0.000327587,-0.00622797,0.000366211,0.004460335,0.006058216,0.01229191,0.009521484
756,-8.87E-05,-0.003622055,0.003451824,0.009084225,0.01018906,0.01588345,0.01383448
757,0.000681877,-0.004725456,0.001909733,0.0077281,0.009230614,0.01438856,0.01233673
758,-0.000759125,-0.005944729,0.000894547,0.005820274,0.007672787,0.01318741,0.01070166
759,-0.000552177,-0.006547928,0.00126791,0.006066799,0.007575989,0.01362562,0.01063299
760,5.25E-06,-0.006424427,-0.000326157,0.005083561,0.006162167,0.01221561,0.01072168
761,1.38E-05,-0.003719807,0.003732681,0.009440422,0.01165295,0.0172863,0.01495647
762,-0.000154495,-0.003771305,0.003000259,0.007843971,0.009530544,0.0153985,0.01412964
763,-0.000612259,-0.004949093,0.001597881,0.007270336,0.008547783,0.01465607,0.01198435
764,0.000741005,-0.001764297,0.005620956,0.01166868,0.01354647,0.01974249,0.0172534
765,-5.91E-05,-0.005206585,0.002638817,0.007041931,0.00951767,0.0151,0.01225233
766,-0.000315189,-0.006223202,-0.000594139,0.004174232,0.004841328,0.01145744,0.009353161
767,-0.00034523,-0.006691456,0.000776291,0.005421162,0.006909847,0.01236963,0.0109148
768,0.000274658,-0.00434351,0.002215862,0.006619453,0.008479595,0.01487398,0.01290703
769,8.11E-05,-0.005901337,0.001218796,0.00669384,0.007203579,0.01375341,0.01060677
770,0.000551701,-0.005768299,0.001495838,0.006271839,0.006752968,0.01302862,0.01071405
771,-0.000407696,-0.007455349,-0.000391007,0.004962444,0.005531788,0.01103115,0.008752823
772,-0.000479221,-0.007651806,-0.001440048,0.002718449,0.003756046,0.01030779,0.008283138
773,-0.000290394,-0.00649786,-0.00136137,0.002761841,0.004323959,0.009807587,0.007667065
774,-0.000315189,-0.005943298,0.001261234,0.005068302,0.005705833,0.01213503,0.01051903
775,-0.000646591,-0.005699635,-5.58E-05,0.004239559,0.005476952,0.01139212,0.009191036
776,-5.87E-05,-0.00620985,0.00013113,0.00475502,0.005907536,0.0121336,0.0108304
777,-0.001088142,-0.006112576,-0.000592709,0.005410671,0.005002022,0.01134157,0.01020145
778,-0.00024271,-0.004461765,0.000376701,0.005570412,0.005871773,0.01305389,0.01104593
779,0.000218868,-0.006139278,-0.000177383,0.004411221,0.006154537,0.0109458,0.009470463
780,-0.000567436,-0.005318642,0.001434803,0.005175114,0.006819725,0.01290131,0.01253748
781,-0.000538826,-0.008272648,-0.002953529,0.002160549,0.003787994,0.008707523,0.007609844
782,0.000575542,-0.007081509,-0.001324177,0.002274513,0.003063202,0.009461403,0.006086826
783,-0.001157761,-0.006187439,-0.001777172,0.003662586,0.004967213,0.01040173,0.008011818
784,-0.001293659,-0.006893158,-0.001074791,0.003624439,0.003765583,0.009932041,0.008224487
785,-0.001473904,-0.0063591,-0.000602722,0.004386902,0.004810333,0.01127338,0.008763313
786,-0.001033783,-0.006223202,0.0012393,0.005427837,0.006273746,0.01134634,0.009815216
787,-0.000689507,-0.006335258,-0.001140118,0.003003597,0.005786419,0.009502411,0.009175777
788,0.000296593,-0.006175518,-0.000861645,0.004510403,0.005982876,0.01114368,0.009902954
789,-0.001040936,-0.005639553,-0.000298977,0.005259991,0.006998062,0.01240253,0.009426594
790,-0.000514507,-0.005075455,0.000566959,0.005009651,0.00813961,0.01334953,0.0110774
791,-0.000480652,-0.005534172,0.001733303,0.005762577,0.007171154,0.01218843,0.0110364
792,-8.77E-05,-0.003538609,0.002876282,0.007783413,0.009159088,0.0150609,0.01382828
793,2.77E-05,-0.003619671,0.00231266,0.006640434,0.009023666,0.01487446,0.01239061
794,-0.000340939,-0.004032135,0.000932217,0.004762173,0.007295609,0.01288891,0.01042557
795,0.000572205,-0.007655144,-0.001390934,0.003231525,0.004667759,0.01042271,0.007511616
796,0.000554562,-0.004984379,0.002043724,0.006913662,0.008889675,0.01388121,0.0122304
797,1.72E-05,-0.004735947,0.001523972,0.005359173,0.006471157,0.01278687,0.01215172
798,-4.48E-05,-0.00466156,0.002445221,0.007497311,0.008649349,0.01428366,0.01197815
799,0.000860214,-0.006215096,0.000967026,0.006375313,0.007061005,0.01441431,0.01134253
800,-0.00038147,-0.005313873,0.000638008,0.004862309,0.007165909,0.01291656,0.009908199
801,0.001950741,-0.004815578,0.001904011,0.00683403,0.007659435,0.01341343,0.01138973
802,-0.00178957,-0.005432606,0.001184464,0.005464077,0.007214069,0.01281548,0.01194096
803,-0.000258923,-0.005572319,-0.000552177,0.004978657,0.006991863,0.01301622,0.01031351
804,8.58E-06,-0.004353046,0.000344753,0.0045681,0.006470203,0.01272631,0.009915352
805,-0.000453949,-0.005073071,0.001451492,0.005277157,0.006046295,0.0117712,0.01203012
806,-0.000678062,-0.008172035,-0.001304626,0.003169537,0.003438473,0.009721756,0.00904274
807,-0.000275135,-0.007081032,-0.00024271,0.004678726,0.005775928,0.01083422,0.009057045
808,-0.000750065,-0.006334782,0.000375271,0.006047249,0.00566721,0.01295328,0.009486675
809,-0.000164509,-0.009168625,-0.002501011,0.003673553,0.004636765,0.009210587,0.007511139
810,-0.000801563,-0.002904892,0.002039433,0.007245541,0.008596897,0.01446342,0.01418543
811,0.00031805,-0.005331039,0.00106144,0.005424023,0.006753922,0.01282883,0.01058388
812,-0.000775814,-0.004363537,0.001685143,0.006893635,0.00646019,0.01331234,0.01033688
813,-0.000842571,-0.006155014,-0.001785278,0.00069952,0.003004074,0.00991869,0.008770466
814,1.67E-05,-0.006510735,-0.001315117,0.003259659,0.004993916,0.009417057,0.006473541
815,-0.000319004,-0.007106781,0.001255989,0.00572443,0.005698204,0.01332426,0.01189661
816,0.002280235,-0.001401901,0.005085468,0.008970737,0.009801865,0.01556063,0.01447678
817,-0.00090313,-0.005631924,0.0011096,0.004508495,0.006036758,0.01248026,0.01035738
818,0.000310421,-0.005781174,0.000576496,0.006447792,0.008952618,0.01255083,0.01066828
819,0.000528812,-0.00442791,0.003914833,0.00694418,0.008211613,0.01511192,0.01341581
820,0.000252724,-0.004491329,0.00082016,0.004845142,0.00574398,0.01172638,0.01125097
821,-0.000400066,-0.005563259,0.00200367,0.006445885,0.005634785,0.01216555,0.009705067
822,0.000188828,-0.004920483,0.001621723,0.006750107,0.00856638,0.01388407,0.01118994
823,-0.000369549,-0.0032897,0.003391743,0.00760603,0.007735252,0.01391125,0.01420879
824,0.001524925,-0.003794193,0.001500607,0.00792408,0.007752895,0.01436424,0.01116562
825,-0.002299309,-0.005877018,0.000528812,0.004107475,0.004672527,0.0101161,0.01058769
826,-0.001564026,-0.004746437,0.002614975,0.007247448,0.007168293,0.01378822,0.009912014
827,-0.001428604,-0.001682758,0.004793644,0.008022308,0.008767605,0.01571512,0.01510906
828,0.001412392,-0.00467062,0.003558159,0.006964684,0.01089716,0.01426029,0.01126385
829,-0.000523567,-0.002707481,0.000490189,0.004799366,0.006699085,0.01180983,0.01015902
830,-0.000573158,-0.004182339,0.00146389,0.007597923,0.008511066,0.01328659,0.009999275
831,0.000181198,-0.00320673,0.00343132,0.008565426,0.00834465,0.0148468,0.01366901
832,0.000874996,-0.002958775,0.00138855,0.007000446,0.007072449,0.01257896,0.01167107
833,0.000458241,-0.003739357,0.00197649,0.00565815,0.007577896,0.01348162,0.01198006
834,0.000463009,-0.00489378,0.000524998,0.00405407,0.005455494,0.01139641,0.009308338
835,-1.91E-06,-0.005638599,0.002494812,0.006765366,0.008225441,0.0138979,0.01020908
836,-0.000290394,-0.005587578,0.00200367,0.006079197,0.007949352,0.01440954,0.01112747
837,3.34E-06,-0.004761696,0.000990868,0.007603645,0.006113529,0.01498985,0.01039648
838,0.000709057,-0.004401207,0.003466606,0.008160591,0.008216858,0.01547956,0.01427746
839,0.000209332,-0.005046368,-0.001756191,0.003408909,0.005059242,0.01102734,0.01077032
840,-0.001083851,-0.005147457,0.000646114,0.005339622,0.007064342,0.01181936,0.009452343
841,0.00229311,-0.003580093,0.001997471,0.007922173,0.008502007,0.0156045,0.01463795
842,0.00111866,-0.002182007,0.005869389,0.007544994,0.009123325,0.0140233,0.01316786
843,-0.000175476,-0.002731323,0.004018784,0.008214474,0.008323193,0.01531839,0.01376963
844,0.000168324,-0.001694202,0.002392769,0.006230831,0.009274006,0.01664305,0.01109123
845,0.000801086,-0.005988121,0.000721932,0.005185604,0.00619173,0.01265955,0.01143837
846,0.001297951,-0.002585411,0.005873203,0.00784874,0.01049709,0.0151701,0.01316118
847,0.001734257,-0.004832745,0.002099514,0.006879807,0.009180546,0.01364517,0.01397371
848,-0.000498295,-0.004211426,0.000631332,0.0061059,0.007757664,0.01194811,0.01091003
849,-0.00016737,-0.003526211,0.001149654,0.007348061,0.007508755,0.01494884,0.01264095
850,0.001498699,-0.002930641,0.003033161,0.00719595,0.007704735,0.01413155,0.01309252
851,-0.001032352,-0.003034115,0.004066467,0.007458687,0.007510662,0.01406765,0.01202583
852,0,-0.00432682,-0.001085758,0.001633644,0.004919529,0.009339809,0.009339809
853,-0.00118494,-0.008214951,-0.004722595,0.000282764,0.001817703,0.00629282,0.005489826
854,-0.00068903,-0.009120464,-0.002146244,0.004048824,0.002478123,0.009187222,0.003762245
855,0.001857758,-0.005311012,0.000617504,0.003560543,0.006109238,0.01196814,0.008071899
856,-0.000261307,-0.003782749,0.002035141,0.006362915,0.008276939,0.01369858,0.01159954
857,0.001764297,-0.004117966,0.002356052,0.009134293,0.00859642,0.01449919,0.01170111
858,0,-0.004321575,0.000620842,0.006878376,0.007509232,0.01322794,0.01067734
859,0.000795364,-0.000465393,0.005426407,0.009674072,0.01133871,0.01591587,0.01587582
860,-0.001070023,-0.005743504,0.002276897,0.005045891,0.006156921,0.01448202,0.008239746
861,0.000734806,-0.001517296,0.00337553,0.008504868,0.009416103,0.0155344,0.01170588
862,-0.001011372,-0.0062747,0.001020432,0.004292011,0.005702496,0.01206732,0.009462833
863,0.000159264,-0.003500462,0.001214504,0.005112648,0.005933285,0.01174736,0.01088476
864,-0.001988411,-0.009375572,5.58E-05,0.004758358,0.005471706,0.01101589,0.004768848
865,0.000379562,-0.003116131,0.003653526,0.005941391,0.006155491,0.01469135,0.01150608
866,-0.003155231,-0.005517006,0.000359058,0.005106449,0.004499435,0.01225376,0.009095669
867,0.001160145,-0.004882813,-0.000643253,0.003995419,0.004973888,0.01129866,0.01008368
868,-0.000531197,-0.006249428,0.00144577,0.005387783,0.007476807,0.01258421,0.007082462
869,-0.000134468,-0.003386021,-0.000804424,0.006472588,0.004670143,0.01334286,0.01126051
870,-0.0006423,-0.001536369,0.002692699,0.007384777,0.006320477,0.01295662,0.01222515
871,0.00151825,-0.006157875,-0.000253201,0.004459381,0.006168842,0.01036882,0.008513451
872,0.001559734,-0.00429821,0.004667759,0.008115292,0.007177353,0.01478004,0.01268435
873,0.000197887,-0.005884171,0.000451565,0.003296852,0.006925583,0.01215839,0.01016998
874,-0.004103184,-0.005044937,-0.001172543,0.004722595,0.005666256,0.01234388,0.007943153
875,-0.000169277,-0.003051281,0.000567436,0.006640434,0.007462978,0.01158333,0.008797646
876,-0.002421856,-0.008998871,0.000484467,0.006545067,0.005387783,0.01065636,0.007573128
877,-0.001664162,-0.00660181,-0.003298759,0.002929688,0.005806923,0.01084995,0.009651661
878,0.001023769,-0.005250454,0.001932144,0.005360126,0.004707336,0.009847641,0.009041309
879,0.001972675,-0.007768631,-0.000413418,0.004029274,0.00464201,0.0103488,0.006824017
880,-0.001170635,-0.008797169,-0.002829552,0.002000332,0.003106117,0.007026672,0.003481865
881,0.001455784,-0.0052104,0.00146246,0.00590086,0.005207062,0.01111984,0.009647846
882,0.000836372,-0.001784801,0.000749588,0.006981373,0.005049229,0.01620197,0.009634972
883,0.000888825,-0.006036282,0.000179291,0.004365444,0.00519371,0.01125288,0.00825119
884,-0.005095959,-0.007742882,-0.001971245,0.002320766,0.004212856,0.00876236,0.005299568
885,0.001315594,-0.004933834,0.000598908,0.005394936,0.005409718,0.01034021,0.01063585
886,-0.000165463,-0.008441925,0.00098896,0.004710674,0.006471634,0.01113558,0.006663322
887,0.000843048,-0.005590916,-0.000831604,0.005715847,0.006472111,0.01318693,0.006670475
888,-0.00084877,-0.0067873,0.000415325,0.002573967,0.006007671,0.01090527,0.007727623
889,9.20E-05,-0.002808571,0.001621723,0.005828857,0.007671833,0.01385498,0.008409977
890,-0.002587318,-0.006931782,-0.000411987,0.005991459,0.005068779,0.01125908,0.009978294
891,0.001317501,-0.004807949,-1.86E-05,0.006765842,0.006100655,0.01171827,0.00963974
892,-0.003254414,-0.005629539,-0.000973225,0.00326252,0.006475925,0.008063793,0.008121014
893,0.00371933,-0.004366875,0.003110409,0.008390903,0.006887436,0.01696491,0.01280832
894,-0.002175808,-0.008023262,-0.001651764,0.00112772,0.001937389,0.009420872,0.006973267
895,0.000513077,-0.003102779,0.003988743,0.004852295,0.007315636,0.01450205,0.008805275
896,0.000348568,-0.004523277,0.002986431,0.007996082,0.007295609,0.01343203,0.008656979
897,0.000805378,-0.003026485,0.004122734,0.0068717,0.008881569,0.01374483,0.009020329
898,0.003221035,-0.004255772,0.001542568,0.006694317,0.006754398,0.01442099,0.01010466
899,-0.00101757,-0.003179073,-0.000445843,0.005857468,0.009159088,0.01249027,0.009541512
900,0.00248909,-0.000226021,0.001364231,0.007788181,0.007209301,0.01251984,0.01100492
901,-0.003334522,-0.007156849,-0.002446175,0.006320953,0.003882885,0.008588791,0.006606579
902,0.000977993,-0.005586624,0.003671169,0.006976604,0.008136749,0.01373959,0.009506702
903,0.002803802,-0.001945496,0.002876759,0.004724026,0.004763126,0.01631308,0.01323414
904,0.002104759,-0.003082752,0.002892494,0.004752636,0.007618427,0.01089382,0.01102686
905,-0.002797127,-0.008602142,-0.003942966,0.001197815,0.002748013,0.007803917,0.004065037
906,-0.002892971,-0.008174419,-0.000488281,0.005959988,0.006713867,0.01105022,0.00636673
907,0.002531528,-0.004055977,0.004674435,0.008780956,0.006943703,0.0133481,0.007676125
908,-0.000777721,-0.001694202,0.004487514,0.005911827,0.009728432,0.01640081,0.0108285
909,0.002122402,-0.006037712,-0.001074314,0.009198189,0.008044243,0.01420736,0.01124144
910,-0.000610352,-0.003001213,0.002754211,0.004189491,0.008502007,0.0112896,0.009739399
911,-0.000189304,-0.00673008,0.00139761,0.003736973,0.005618572,0.01301527,0.009266376
912,0.001306057,-0.002100468,0.001276493,0.008918762,0.006823063,0.01673126,0.009254456
913,8.77E-05,-0.004795074,0.001142025,0.007492065,0.00267458,0.01214981,0.008701801
914,0.001055241,-0.00315094,0.003173828,0.006371021,0.01067114,0.01501369,0.01283693
915,0.001594543,-0.002509594,0.000975132,0.005915165,0.00922823,0.01502562,0.01230907
916,-0.001015186,-0.004519939,0.001689911,0.004616261,0.01010799,0.01213408,0.01261568
917,0.003629208,-0.002102375,0.001469135,0.005342484,0.006388187,0.01100683,0.009794235
918,-0.000457764,-0.006199837,0.001928329,0.00642252,0.009514809,0.01581383,0.008389473
919,0.002229214,-0.004315853,0.003461361,0.006759644,0.006941319,0.01484728,0.01024294
920,-0.005341053,-0.01146126,-0.004087925,0.004375458,0.003613949,0.01129198,0.002995014
921,-0.001237392,-0.005477428,-0.000744343,0.00754118,0.007816792,0.01432705,0.01086044
922,0.001852036,-0.001134396,0.007586479,0.01007175,0.01180124,0.0163846,0.01386213
923,0.001516819,-0.002538204,0.003316402,0.008368015,0.006933689,0.01486158,0.01359606
924,-0.001112461,-0.002351761,0.003407955,0.008614063,0.005535126,0.01363802,0.01141167
925,0.00408411,-0.005447388,0.006438255,0.008838654,0.01259661,0.0136919,0.01115751
926,0.000782013,-0.005348682,0.004867077,0.007599354,0.007451534,0.01282406,0.01082373
927,-0.001819134,-0.001467705,0.001079559,0.009656429,0.007020473,0.01368618,0.0109005
928,0.00164032,-0.004847527,0.004505634,0.007996082,0.01034641,0.01479959,0.01338339
929,0.005580902,0.005427361,0.005663872,0.01179266,0.009537697,0.01921415,0.01138639
930,-0.00195837,-0.006219864,0.000957012,0.007732868,0.009209633,0.01458406,0.009210587
931,-0.002429962,-0.007330894,-0.002722263,0.002681732,0.001688004,0.008168697,0.004090309
932,0.00229311,-0.002462387,0.002812386,0.00456953,0.008774757,0.0168047,0.01175737
933,-0.000429153,-0.001664162,0.005801678,0.008591175,0.005609989,0.01276207,0.008080006
934,0.000200272,-0.005855083,0.004584789,0.007347107,0.00993681,0.01325941,0.008985043
935,-0.001461506,-0.001535892,0.003143311,0.01085615,0.007796764,0.01081467,0.006272316
936,0.00161314,-0.004144192,0.003968716,0.008621693,0.01012182,0.01100588,0.0114193
937,0.003540039,0.000849724,0.003189087,0.007905483,0.008388996,0.01226568,0.01240826
938,-0.000699043,-0.001529217,0.005703926,0.009308338,0.0111084,0.01890087,0.01690149
939,0.000629425,0.001312733,0.003237247,0.01181364,0.007751465,0.01200485,0.008412361
940,0.001462936,-4.39E-05,0.003239155,0.009829044,0.00978899,0.01507235,0.01328278
941,-0.002071381,0.003021717,0.002752781,0.006079197,0.005963326,0.01265192,0.008734226
942,0.001459599,0.006435394,0.005797863,0.01235819,0.01498556,0.02166224,0.01779795
943,0.001729965,-0.000905991,0.004841805,0.009310722,0.0101285,0.01608658,0.01067019
944,-0.00121212,-0.006905079,0.009469032,0.005795002,0.009929657,0.01597929,0.007260799
945,0.00181818,-0.005561352,0.001809597,0.005647659,0.007655144,0.01316786,0.01337576
946,-0.00404644,-0.006596088,0.002417088,0.007993221,0.01202106,0.01803446,0.01393747
947,-0.00282383,-0.003791809,-0.007511139,0.003557205,0.001854897,0.01171923,0.000417233
948,-0.002321243,-0.009373188,0.004526615,0.005897522,0.01004076,0.01289463,0.004237175
949,-0.004755974,-0.002344131,0.006816864,0.00936985,0.006139278,0.0141654,0.00560379
950,0.00617075,-0.00619173,0.006236553,0.01866579,0.01247931,0.02102852,0.0145998
951,-0.003918171,-0.000103951,0.0064044,0.002677917,0.007481575,0.01534605,0.006567001
952,-0.00369072,-0.002462387,0.004346848,0.01121473,0.01212454,0.01906157,0.006313801
953,0.004515171,-3.58E-05,0.01135683,0.01641941,0.01519823,0.01749039,0.009946823
954,0.000256538,-0.00819397,0.009627342,0.008150101,0.01592112,0.01743364,0.01149035
955,-0.01056099,-0.01064539,0.000137329,-0.002191544,-0.001971722,0.006034851,0.01158333
956,-0.00729084,-0.006204128,0.004748344,0.006347656,0.01747131,0.01684761,0.01401997
957,-0.003412724,0.001478672,0.009400845,0.008330822,0.007274151,0.01385736,0.01036978
958,0.000854492,-0.004833221,0.01523542,0.007884026,0.005805969,0.02316332,0.01347494
959,-0.000959873,-0.000624657,0.006210327,0.01041603,0.018888,0.01134396,0.002268791
960,0.002609253,6.29E-05,0.009704113,0.01901102,0.0202632,0.02522993,0.0154891
961,-0.000712395,0.003928661,0.01211119,0.01728201,0.00807333,0.02173328,0.007275581
962,0.001773357,0.000299931,0.009626865,0.004683018,0.01155043,0.02314425,0.009274483
963,0.000565052,0.008032799,0.008903027,0.008963108,0.01334,0.01078892,0.01723909
964,-0.01410532,0.001506329,-0.002856731,0.001345158,-0.005077362,0.003602028,0.01190138
965,0.01465654,-0.00993681,0.001357555,-0.000955582,0.001022816,0.01108313,0.004016399
966,-0.002203941,-0.003065109,0.003743172,0.01389313,0.006152153,0.009269238,0.01026011
967,0.01033354,0.000258923,0.01075172,0.01311636,0.01890707,0.01770353,0.01798201
968,-0.001195908,0.001957893,0.008190632,0.01298332,0.009820938,0.01796961,0.01284552
969,0.006996155,-0.004150391,0.006854057,0.003165245,0.01114416,0.01139259,-0.000646114
970,0.00995636,0.006384373,0.01627636,0.01749659,0.01366091,0.01974344,0.02326488
971,0.009287834,0.001676083,0.002148628,0.003636837,0.007808208,0.02436209,0.01507282
972,0.004597664,0.001378059,0.005164623,0.01482868,0.01282406,0.02391529,0.009227276
973,-0.01841307,-0.02564192,-0.01455402,0.000190735,0.008799553,0.008510113,0.002214909
974,0.004364491,-0.004321575,0.004364491,0.008773804,0.004364491,0.01772833,0.008773804
975,0.006827354,-0.002642155,0.007505417,0.01262665,0.0184536,0.0131278,0.006223202
976,0.003515244,-0.002855301,-0.002583504,0.01026583,0.002094269,0.01183033,0.00808382
977,-0.01441193,-0.00193882,0.01118422,-0.001556873,0.01111746,0.01063967,0.01103067
978,0.01039886,0.01111412,0.000409126,0.01099634,-0.000860691,0.02226543,0.003221512
979,0.02128553,0.01237774,0.007355213,0.01185751,0.02716589,0.02238512,0.01373529
980,-0.01621723,-0.01303864,-0.01983023,-0.004857063,-0.008028507,0.01343489,0.005077362
981,-0.00670433,-0.004857063,-0.003276825,-0.00594759,-0.000470161,0.009946823,-0.002304077
982,-0.001985073,0.004113674,-0.002995491,0.02171087,0.01276445,0.01340723,0.01122665
983,0.02200556,0.005577087,0.01117802,-0.003039837,0.0064888,0.02270508,0.005309582
984,-0.006297588,0.001011848,0.000452995,0.002090454,0.007168293,0.000771999,0.01440382
985,0.007799625,0.01091385,0.01280355,0.00311327,0.01770067,0.02847481,0.002062321
986,0.002757072,0.01998758,0.009068966,0.002691269,0.03480148,0.02017212,0.01867771
987,-0.008920193,-0.02249956,-0.004644871,-0.02214813,-0.02646875,-0.003190517,-0.01604033
988,-0.01731348,-0.02337646,-0.006060123,0.000275612,-0.00524807,-0.01180315,-0.005664349
989,0.005237103,-0.02814436,-0.02042341,0.000676155,0.005680561,-0.009488583,0.004107952
990,-0.02430725,5.91E-05,-0.006954193,0.00593853,-0.01418877,-0.005846024,-0.0060606
991,0.01662159,-0.00844574,0.005867481,0.01333427,0.004831791,0.03693008,0.008647442
992,0.01797819,0.005977154,0.01873922,-0.006375313,0.01343679,0.0214324,0.01400137
993,0.0164485,-0.01820898,-0.007797241,0.01827765,-0.01242018,-0.000126839,-0.01326323
994,-0.007760048,0.006750584,-0.007670403,-0.01138639,0.008200169,0.007731915,0.006694317
995,0.01061535,-0.01284504,0.00694418,0.009727955,-0.006735802,0.006328106,0.01022291
996,-0.008427143,-0.008513451,-0.002830029,0.006036282,0.005363464,0.007165432,0.01037216
997,0.01346779,-4.15E-05,0.006567001,0.006827354,-0.000236988,0.006558895,0.02069378
998,0.02186489,0.000135422,-0.002648354,-0.01048231,0.01660967,0.02205086,-0.00028944
999,0.006324768,-0.002534866,-0.02265596,-0.04185915,-0.0388546,-0.003770351,-0.01412582
1000,-0.01575661,-0.01237774,-0.02179623,-0.002340317,0.000422955,-0.01671743,-0.01132441
1001,-0.0175705,-0.01587296,-0.00049448,-0.003113747,-0.0197401,-0.007744312,-0.004869461
1002,-0.02606487,0.002492428,0.001770496,-0.01354408,0.00471735,0.004216671,-0.0128274
1003,0.001059532,-0.01104927,0.003251076,-0.009925842,0.001734734,0.02269936,0.006790161
1004,0.00608778,-0.02398491,-0.009224892,-0.01371813,-0.006873131,-0.01584435,0.002338409
1005,0.007253647,-0.010396,-0.001630783,0.007808685,-0.004798889,-0.01391029,0.0162425
1006,-0.0157938,-0.000576973,-0.008253574,-0.02315331,-0.008069992,-0.0377903,-0.01520777
1007,0.02145529,0.03268385,0.02717924,0.04189205,0.009280205,0.03574944,0.01635218
1008,0.02685452,0.000135899,-0.008368015,0.01065636,0.02432299,0.02996302,0.02246618
1009,-0.01392889,-0.0126133,-0.01003838,0.02108145,-0.006968975,-0.003769398,-0.01154757
1010,0.01137733,-0.001432896,-0.0121603,-0.001216412,0.005294323,0.004905224,0.009394646
1011,0.01389027,0.01869774,0.02681303,0.03495884,0.005417824,0.01677847,-0.01588917
1012,0.01046944,-0.001523495,-0.009248734,-0.02045536,-0.01701307,-0.01191282,0.004924774
1013,0.01076317,-0.01128769,0.009899616,-0.02675104,0.01801586,-0.01606655,-0.0252161
1014,0.01992321,0.0537672,-0.000623226,0.01006985,-0.0166297,0.01580572,0.007082462
1015,-0.03917599,-0.05809212,-0.03911209,-0.03890944,-0.03771877,-0.05718231,-0.02090359
1016,-0.008967876,-0.03293419,-0.01653242,-0.01209497,-0.01894617,-0.01591015,-0.03813076
1017,-0.04656124,-0.05035305,-0.004757404,-0.02271795,-0.03959656,-0.01426935,-0.03185701
1018,0.01093292,0.01007652,0.004539013,0.02208996,-0.02902889,0.0116396,0.02994108
1019,-0.01926804,-0.0286808,-0.028584,-0.01827335,-0.000139713,-0.009665966,0.0226078
1020,0.01315451,-0.01647425,-0.01956272,-0.02528286,-0.03020573,0.004331112,-0.009705067
1021,-0.004113197,-0.01879644,-0.01797724,-0.03036499,-0.01504707,0.001112938,-0.02680492
1022,0.01111937,0.006435871,-0.01338053,-0.01578951,-0.001698494,0.003929615,-0.02234793
1023,-0.01110601,0.01524401,0.01199436,0.02415514,0.00500536,-0.008137226,0.01727724
1024,0.03781891,-0.008458614,-0.01832676,0.01239634,-0.01375294,0.003469944,0.01185751
1025,0.02167082,0.02188921,0.03705883,0.01162815,0.04675388,0.01749802,0.004976273
1026,0.04551792,-0.01617146,-0.006914139,0.004028797,-0.01261139,0.000417233,-0.01375246
1027,0.004431248,-0.01526356,-0.001310349,-0.02262354,0.000549316,-0.01480341,0.02747583
1028,0.06558657,0.000546455,-0.01255322,0.02593327,0.01291513,0.03888226,0.02642536
1029,0.003265858,-0.008697033,-0.02837181,-0.01093626,-0.02179146,-0.004416466,0.003653049
1030,-0.0131321,-0.0101862,0.003721714,-0.02275848,-0.02557707,-0.03948975,-0.05080938
1031,-0.01645899,0.02190065,0.002110958,0.002867699,-0.004283428,0.004641533,-0.01051712
1032,-0.01322222,-0.03894186,-0.03920221,-0.03876877,3.81E-06,-0.06322765,-0.03937626
1033,0.01639986,0.04293537,0.02503633,0.01190042,-0.004973888,0.03727579,0.02259684
1034,0.03597736,0.008984089,0.01630497,0.03248262,0.03605461,0.01268816,0.001822472
1035,-0.0207243,-0.02533531,-0.01937389,-0.01751232,-0.0236845,-0.02009153,-0.0282011
1036,-0.009445667,-0.02202654,0.002427578,-0.01389742,-0.04982042,-0.014009,-0.03449154
1037,-0.04710436,-0.05234241,-0.05846548,-0.01518345,-0.02179766,-0.0184474,-0.06287956
1038,0.01959419,0.009070873,0.008216858,-0.02099657,0.01502419,-0.0224843,-0.00211668
1039,0.01227236,-0.01550341,-0.018188,-0.02267265,-0.01004887,-0.02843666,-0.03297234
1040,0.008813858,0.003407001,-0.00157547,-0.01075983,0.04979467,0.000736237,0.03643656
1041,-0.04592466,-0.04136753,-0.03421593,-0.04335356,-0.00754261,-0.02523899,-0.07528925
1042,0.0286212,0.06601334,0.01942253,0.03339863,0.1076126,0.04902458,0.06562567
1043,0.0355587,0.02843952,0.00933218,0.02343941,0.002198696,-0.03892899,-0.02408934
1044,-0.05465031,-0.03776979,-0.05982685,-0.03628159,0.001473427,-0.02316904,-0.0604682
1045,0.01947546,0.03533268,0.00130415,0.01817322,-0.01468706,0.001306534,-0.0247798
1046,-0.01476192,0.01457453,-0.01598215,-0.007101059,-0.0072155,-0.01335287,-0.002785683
1047,0.01412392,0.0288868,-0.01541281,0.02308416,0.003265381,-0.02232885,-0.02159786
1048,-0.06178808,-0.04300404,-0.1341314,-0.06126833,-0.08723259,0.01262426,-0.06085968
1049,0.00207901,0.000471592,0.00241375,-0.02042866,0.02542877,-0.09510088,-0.01835155
1050,-0.01246405,-0.03854227,-0.05617285,-0.0522666,-0.02756691,0.03369093,-0.02500868
1051,0.01012182,-0.01823044,-0.009518147,-0.007830143,-0.01519299,-0.03973818,0.009952545
1052,-0.07360411,-0.1057038,-0.04845715,-0.06822586,-0.04176378,-0.05417633,-0.1241999
1053,0.04368639,-0.01967573,-0.000693798,-0.000963688,-0.03869963,-0.02068138,-0.03604317
1054,-0.05535316,-0.1052876,-0.1120744,-0.07999563,-0.08275747,-0.08590078,-0.04807806
1055,0.05857038,0.004679203,-0.00927496,0.006016731,-0.03853846,0.00753355,-0.06250715
1056,0.01390123,-0.004855156,0.01618528,-0.06254339,-0.08188963,-0.05028868,-0.02185154
1057,0.05178452,-0.0447278,-9.01E-05,0.02530909,0.177515,-0.08642006,-0.04550695
1058,0.06533861,-0.02996254,-0.06735706,-0.04316139,-0.05163288,-0.03901672,-0.033494
1059,-0.01482821,-0.04234123,-0.1099062,-0.1166315,-0.1046004,-0.04855728,-0.1138477
1060,0.03059912,-0.001732349,0.07159328,-0.1478601,-0.08474827,-0.05509281,-0.07062674
1061,-0.1413293,-0.09017706,-0.1165056,-0.06214809,-0.1165056,-0.1165056,-0.06214809
1062,0.09471464,0.06198502,0.07637596,0.08434439,-0.045753,0.05046129,0.01848698
1063,0.0733943,0.01981544,-0.01382685,0.03653479,-0.006509304,0.06187391,-0.06132364
1064,-0.003835201,0.02996922,0.004286289,-0.008903027,-0.01186371,-0.01099682,-0.01435471
1065,0.1597004,0.0725503,-0.03218508,-0.1165056,0.0725503,0,-0.09017706
1066,0.07493687,0.05361462,-0.0552845,0.07786942,-0.1328287,-0.13376,-0.02904463
1067,-0.1270227,-0.1168423,-0.1194711,-0.1593466,-0.1109276,-0.187058,-0.09259844
1068,0.2059073,0.1375227,-0.001843929,0.03920031,0.1386294,0.05114698,0.07435417
1069,-0.1387906,-0.2130108,-0.05227232,-0.05231857,-0.2455549,-0.2110157,-0.0537672
1070,0.1234846,0.04030609,-0.07660913,-0.02577877,-0.04256868,0.03770781,-0.04519415
1071,0.005364418,-0.07103252,-0.05038452,-0.1024594,-0.1080961,-0.04789257,-0.08744287
1072,0.06252337,0.06872416,-0.02532387,-0.03052282,-0.05566263,-0.03125095,-0.04247761
1073,-0.07307816,-0.03938913,0.003458023,-0.04012489,-0.1397924,0.04822826,-0.1445761
1074,-0.00066042,0.008985519,-0.01427937,-0.09277582,0.009706974,0.01590347,-0.1090331
1075,0.1920943,-0.02874565,-0.126749,-0.0354805,-0.09797573,-0.08327627,-0.1802292
1076,-0.05708456,-0.09457731,-0.02931643,-0.008025169,-0.04451036,-0.05305004,-0.08139181
1077,-0.03729773,0.006397247,-0.1723881,-0.1359844,-0.1310749,-0.09382296,-0.09542799
1078,0.01063776,-0.06278276,-0.004202366,-0.08910704,-0.108942,-0.1021304,-0.1797895
1079,-0.09132195,-0.044559,-0.05021667,-0.1072578,-0.224586,-0.1553597,-0.1937919
1080,0.05652332,0.06071901,0.01690483,0.000516415,0.007287979,-0.0784893,-0.1448927
1081,-0.05661106,-0.06710482,-0.1052771,-0.0634284,-0.1083269,-0.1085758,0.005121708
1082,0.07526302,-0.09198618,-0.02864027,-0.1140251,-0.1062312,-0.1059208,-0.1054821
1083,0.09969854,-0.05740118,-0.1466231,-0.04808474,-0.003267765,-0.09644747,-0.04295921
1084,0.04046392,-0.03026915,-0.2295179,0.03461123,0.05867767,-0.1423864,-0.1679621
1085,-0.07424736,-0.332634,-0.3354211,-0.2799854,-0.2716837,-0.3366656,-0.3289242
1086,0.3257847,0.1845241,0.07654762,0.1304202,0.04917812,0.01336718,0.1292543
1087,0.09281635,-0.2567482,-0.1473513,-0.1788058,-0.05383492,-0.1463351,-0.154839
1088,-0.06190968,0.0449152,0.01612329,-0.05130911,0.07029867,-0.07650661,0.05771875
1089,-0.1247697,-0.08332634,-0.2594028,-0.1165872,-0.008969784,-0.1590548,-0.147264
1090,0.1993713,0.088449,0.2832074,0.06562901,-0.1725874,-0.005993843,0.1169224
1091,0.2321458,0.1267347,0.04793596,-0.01976347,0.02825546,-0.02572489,-0.009014606
1092,-0.3012514,-0.3029194,-0.241468,-0.2383289,-0.2973795,-0.2913628,-0.1801105
1093,0.04367685,0.1532674,0.02194357,-0.05253267,0.06255674,-0.05254602,-0.05719471
1094,0.1990671,-0.06074142,0.02561188,-0.07993841,0.02237988,-0.1513124,0.04479313
1095,0.06391144,0.2471256,-0.2260523,-0.1275363,-0.1877069,-0.08350706,0.0552969
1096,0.06470442,0.07276249,0.1432409,-0.1104822,0.1439757,-0.000225067,0.001322269
1097,0.04931974,-0.108357,-0.1480303,-0.1799793,-0.1769533,-0.1879587,-0.107214
1098,-0.05403614,-0.1528802,-0.1802802,-0.357379,-0.163662,-0.3803635,-0.1831717
1099,-0.21699,-0.1226816,-0.04819155,0.04633999,-0.1656699,-0.080832,0.0374198
1100,0.4241605,0.4189248,0.1924763,0.118217,0.1939921,0.04856396,-0.01333618
