Wavelength [nm],TBS,90W_2,90W_4,90W_6,90W_8,90W_10,90W_12
190,0.02562571,0.6364679,0.6497512,0.5343919,1.315879,0.624558,1.028501
191,-0.1311278,0.2313399,0.4311881,1.27312,0.8385181,0.6879172,0.616787
192,0.07294369,0.3724241,1.27628,1.282452,0.9766107,0.9758573,0.7908111
193,-0.01848364,0.4586377,0.5166297,1.060698,0.6627574,0.8846064,1.361728
194,-0.0304141,0.5927215,0.3819294,0.8408422,0.6025095,0.9704032,0.7369218
195,-0.03447533,0.6903491,1.39144,1.398002,1.425891,1.382638,1.393168
196,-0.03932095,0.4734564,0.3417597,0.9833865,1.431089,0.7729907,0.5979524
197,0.01206446,0.8644857,0.6694765,1.222708,0.8961177,1.601686,0.9435229
198,-0.02472687,0.8179421,0.6866651,0.7340665,0.7785521,1.447062,0.6950626
199,0.01416874,0.8074341,0.8208418,0.8933191,1.024711,1.068247,1.036529
200,-0.01359034,0.5666537,0.606349,0.5373554,0.8529749,1.293139,0.9539561
201,-0.01570797,0.7736063,0.900588,1.291136,1.456088,1.271847,1.783616
202,-0.01734352,1.102668,1.405729,1.678526,1.215996,1.931538,1.785691
203,-0.006543636,1.209008,1.407193,1.576655,1.835406,1.726804,2.194877
204,-0.001749516,1.538315,1.773307,1.924057,2.495326,2.759612,1.940434
205,-0.000430107,1.950955,2.302627,2.441333,2.818798,2.933232,2.997214
206,0.000406742,2.028769,2.4362,2.382263,2.401454,3.014575,2.644757
207,-0.001330853,1.9992,2.155757,2.403705,2.468972,2.492196,2.91213
208,-0.000128269,2.097158,2.225163,2.40475,2.595161,2.503482,3.364998
209,-0.001312733,2.187773,2.40619,2.528214,2.563,2.732503,2.745743
210,-0.000332356,2.276528,2.466538,2.60594,3.095271,2.903181,3.302868
211,-0.000740051,2.283,2.587954,2.761449,3.194519,3.262267,3.443006
212,-0.000423908,2.33083,2.629508,2.796539,2.766315,3.101017,3.407412
213,-0.000408649,2.30582,2.496967,2.621478,2.98417,3.027369,3.568259
214,-0.00056839,2.296628,2.559722,2.695118,2.854844,2.887488,2.998948
215,-0.00030756,2.323673,2.656029,2.813161,2.941409,3.005162,3.283341
216,-0.000507832,2.284836,2.648138,2.80987,2.907306,2.939534,3.187652
217,-0.000339031,2.282021,2.743633,2.842635,2.95636,3.068523,3.306556
218,-0.000286579,2.280525,2.827086,2.959913,3.15969,3.251158,3.44487
219,-0.000331402,2.240657,2.85234,2.94539,3.039308,3.108752,3.334728
220,-0.000323772,2.156097,2.891377,2.914046,3.076918,3.069777,3.531512
221,-0.000202656,2.073691,2.855982,3.026712,3.075311,3.168065,3.358128
222,-0.000337124,2.000107,2.927081,3.149088,3.101319,3.333627,3.564265
223,-0.000248909,1.9295,2.849947,3.021416,3.031157,3.103624,3.270914
224,-0.000273705,1.835241,2.764647,2.959716,2.990963,3.086216,3.209592
225,-0.00034523,1.730826,2.737809,2.917518,3.001579,3.041066,3.204772
226,-0.000305176,1.624506,2.703504,2.932052,3.126972,3.053639,3.347902
227,-0.000290871,1.505362,2.639074,2.806633,3.002466,2.993524,3.322973
228,-0.000268936,1.380588,2.524138,2.899408,2.937771,3.046715,3.19352
229,-0.000398636,1.249066,2.364789,2.852613,3.022028,3.028502,3.297825
230,-0.000631809,1.104157,2.156684,2.748689,2.864941,2.960942,3.098239
231,-0.000284672,0.959331,1.90797,2.562223,2.803463,2.908379,3.032642
232,-0.000370979,0.8144784,1.641966,2.292806,2.668246,2.78899,2.948447
233,-0.000161171,0.6824627,1.384098,2.001189,2.448785,2.726069,2.926714
234,-0.000317574,0.5632882,1.146363,1.688254,2.154784,2.537092,2.816926
235,-0.000306606,0.4607463,0.9421539,1.390729,1.800121,2.163434,2.549365
236,-0.000318527,0.3762455,0.7709594,1.141629,1.487442,1.809676,2.163818
237,-0.000342369,0.3058076,0.6276112,0.9331012,1.214098,1.473915,1.779134
238,-7.87E-05,0.2498169,0.5133219,0.7646475,0.9952526,1.211854,1.46313
239,-0.000597954,0.2046218,0.4217882,0.6282692,0.817791,0.9942412,1.202643
240,-0.000166416,0.1704993,0.3510299,0.5232739,0.6809354,0.82656,1.003589
241,-0.000414848,0.1428967,0.295104,0.4402585,0.571682,0.6938024,0.8435006
242,-0.000513554,0.1224771,0.2531414,0.3774366,0.489562,0.5933118,0.7229805
243,-0.000170708,0.1069055,0.2210665,0.3291025,0.426681,0.5153451,0.6296477
244,-0.000293255,0.09497213,0.19666,0.2927103,0.3784657,0.4563861,0.5595407
245,-0.000175476,0.08686495,0.1797509,0.267786,0.3459153,0.4167423,0.5114894
246,-0.0005579,0.08115578,0.1678305,0.2504287,0.3231516,0.389132,0.4776516
247,-0.000235081,0.07766819,0.1611657,0.2397041,0.3092957,0.3721161,0.4574723
248,-0.000236034,0.07566881,0.1567922,0.233469,0.3011422,0.361701,0.4449239
249,-0.000416279,0.07434845,0.1543083,0.2298861,0.2963886,0.3563938,0.4386215
250,-0.000455856,0.07463169,0.154819,0.2305551,0.2975965,0.358325,0.4406705
251,-0.000290394,0.07652235,0.1587195,0.2364674,0.3057156,0.3682456,0.4518337
252,-0.000387192,0.07903004,0.163959,0.2444768,0.3163948,0.3819523,0.4680824
253,-0.000305176,0.08172989,0.1696973,0.2529178,0.3272767,0.395895,0.4847765
254,-0.000247955,0.08395481,0.1747937,0.2604408,0.3376803,0.4087081,0.5002685
255,-0.000189304,0.0870347,0.1807971,0.2701726,0.3501306,0.4240475,0.5185409
256,-0.000307083,0.09098244,0.1892247,0.2828836,0.3672161,0.44519,0.5436826
257,-0.000352383,0.09660292,0.2006793,0.299983,0.3900418,0.4742775,0.5777082
258,-0.000379086,0.1025,0.2136135,0.3193607,0.4157534,0.5059996,0.6160269
259,-0.000448704,0.107738,0.2247772,0.336041,0.4382143,0.5337944,0.6488719
260,-0.000486374,0.1121583,0.2334285,0.3490753,0.4551716,0.5554771,0.6746969
261,-0.000347138,0.1162395,0.2425714,0.362978,0.4739928,0.5786867,0.7024875
262,-0.000218868,0.1214252,0.2531462,0.378664,0.4952841,0.6054573,0.7334485
263,-0.000257969,0.1276174,0.2660785,0.3975515,0.5198002,0.6361842,0.7692485
264,-0.000393868,0.1348257,0.2813177,0.4210124,0.5502324,0.6740017,0.8142238
265,-0.000174999,0.1416006,0.2952218,0.4421506,0.5784931,0.7076039,0.8564296
266,-0.000337124,0.1470242,0.3064628,0.4584742,0.5995927,0.735683,0.8882723
267,-0.000347614,0.1525726,0.3181696,0.4764528,0.6234522,0.7632418,0.9235697
268,-0.000349999,0.1586723,0.3310537,0.4946513,0.6483059,0.7939243,0.9624295
269,-0.000316143,0.1642938,0.3419709,0.512022,0.6708527,0.8211794,0.9932003
270,-0.000525475,0.1692181,0.3521152,0.5265322,0.6888347,0.8454418,1.02107
271,-0.000451088,0.1740069,0.3618779,0.5420532,0.7072868,0.8660693,1.0478
272,4.72E-05,0.1794744,0.3730779,0.5572095,0.7284555,0.8936977,1.075927
273,-0.000165463,0.1844492,0.3833551,0.572392,0.7503271,0.9183412,1.111375
274,-0.000184059,0.1886387,0.3914371,0.5841279,0.7641139,0.9380765,1.1365
275,0.000193596,0.1924825,0.4000492,0.5968099,0.7819543,0.9588075,1.161121
276,-0.000166893,0.1948314,0.4050865,0.6034584,0.7916842,0.9681354,1.168562
277,-0.000725746,0.195415,0.4066267,0.6075335,0.7938766,0.9746828,1.172224
278,-0.000683308,0.1954951,0.4068952,0.6057539,0.7939858,0.9746265,1.171982
279,-0.000196457,0.1947322,0.4042368,0.6035047,0.7888398,0.9698076,1.172037
280,-0.000862598,0.1932726,0.4014297,0.6015239,0.7858801,0.9634223,1.160306
281,-0.000210762,0.1925921,0.4003363,0.5974979,0.782392,0.9549441,1.154247
282,-0.000362396,0.1910219,0.3960614,0.59061,0.7723708,0.9485474,1.14339
283,-0.000520229,0.188395,0.3908439,0.5829382,0.7648816,0.9362674,1.130971
284,-0.000424862,0.1830649,0.3806105,0.5664577,0.7436805,0.9107599,1.099969
285,-0.000467777,0.1741657,0.3622994,0.5402718,0.7074223,0.8671131,1.044279
286,-0.000513077,0.1624184,0.3373051,0.5029373,0.6591449,0.8055916,0.9738092
287,-0.000335217,0.1497416,0.3114033,0.4649253,0.6090021,0.7450957,0.9009032
288,-0.000231743,0.1380663,0.2877603,0.4312096,0.5634313,0.6877756,0.8349557
289,-0.000449657,0.1291232,0.2685509,0.4023681,0.5250196,0.6406517,0.7789006
290,-0.000172615,0.1209254,0.2518954,0.3774981,0.4922013,0.6009483,0.7305465
291,-0.00017643,0.1132321,0.2369356,0.3545871,0.463172,0.5639076,0.6863527
292,-0.000364304,0.104146,0.2182345,0.3268299,0.4262328,0.519371,0.6320519
293,-0.00024271,0.09222364,0.1936922,0.2900939,0.3778195,0.4604225,0.5609407
294,-0.000436306,0.07928801,0.1673217,0.2508101,0.3264775,0.3967214,0.4841466
295,-0.000444412,0.06842852,0.1441379,0.2164078,0.2816534,0.3410702,0.4178014
296,-0.00039959,0.05950642,0.1260858,0.1890154,0.2451339,0.2965121,0.3647618
297,-0.000349522,0.0519948,0.1106348,0.1661205,0.2153463,0.2603951,0.320446
298,-0.000331402,0.04561615,0.0971756,0.1464224,0.1891274,0.2279239,0.2818398
299,-0.000246525,0.0392499,0.0844717,0.1268516,0.163693,0.1968718,0.2440867
300,-0.000108719,0.03288221,0.07187366,0.1083083,0.1392937,0.1664624,0.2082286
301,-0.00018549,0.02777624,0.06094027,0.0919981,0.1179953,0.1405005,0.1765771
302,-0.000315189,0.02305651,0.05171299,0.07834959,0.09971714,0.1186495,0.1502867
303,-0.000672817,0.01957083,0.04406404,0.06754255,0.08594561,0.1012716,0.1293488
304,-0.000594616,0.01662874,0.03879833,0.05932856,0.07517958,0.08827353,0.113554
305,-0.000527859,0.01505804,0.03505564,0.0538516,0.06753874,0.07928991,0.1029415
306,-0.000568867,0.01377869,0.03201437,0.04954481,0.06231546,0.07275581,0.09501362
307,-0.000247479,0.01235962,0.02999592,0.04656887,0.05814362,0.06837559,0.08913422
308,-0.000658035,0.01136017,0.02828789,0.04437971,0.05553722,0.06485176,0.08517742
309,-5.53E-05,0.01107931,0.0275898,0.04317141,0.05377197,0.06282187,0.082407
310,-0.000331402,0.01056623,0.02647781,0.04182816,0.05200052,0.06097412,0.07991695
311,-0.00065279,0.01002359,0.02554083,0.04048443,0.05066872,0.05946445,0.07829237
312,-0.000326634,0.009852886,0.02558756,0.04003906,0.04991484,0.05874634,0.07716799
313,-0.000452519,0.009493351,0.02459669,0.03931904,0.04900789,0.05796623,0.07640123
314,-0.000327587,0.009494305,0.02474403,0.0388341,0.04858351,0.05759048,0.07559681
315,-0.000436783,0.009061813,0.02411032,0.03836346,0.04776096,0.05668163,0.07476664
316,-0.000469208,0.008899689,0.02368116,0.03789043,0.04740191,0.0561347,0.0740633
317,-0.000323296,0.008957863,0.02365112,0.03775978,0.04703045,0.05599642,0.07349396
318,-0.00040102,0.008666992,0.02341509,0.03732061,0.04662943,0.05556726,0.07318878
319,-0.000253677,0.008653641,0.02334309,0.03692675,0.04658127,0.05537844,0.07268763
320,-0.000384808,0.008450985,0.0230341,0.0367341,0.04629517,0.05491734,0.07215738
321,-0.000394344,0.008261204,0.02284336,0.03663111,0.04601288,0.05467939,0.07202435
322,-0.000397682,0.00838995,0.02252865,0.03633404,0.04571438,0.05449486,0.07167149
323,-0.00037241,0.008316994,0.02250624,0.03621435,0.04574203,0.05429935,0.07131243
324,-0.000411034,0.008041859,0.0224576,0.03591776,0.04519081,0.05390167,0.0708828
325,-0.000215054,0.008321762,0.02259541,0.03614187,0.04531813,0.05382109,0.07065058
326,-0.000205994,0.008202553,0.02238703,0.03598642,0.04490805,0.05366755,0.07052755
327,-0.000657558,0.007919312,0.022017,0.03531551,0.04489088,0.0534749,0.06983757
328,-0.000500202,0.008183002,0.02205849,0.03555775,0.04455423,0.05330276,0.0696125
329,-0.00056839,0.008310318,0.02212763,0.03556156,0.04418039,0.05274487,0.0698061
330,-0.000278473,0.008284092,0.02227116,0.03544664,0.04470587,0.05352783,0.06990242
331,7.82E-05,0.008517742,0.02224588,0.03531742,0.04448271,0.0530529,0.0692935
332,8.25E-05,0.008363247,0.02257872,0.03534365,0.04412508,0.05298853,0.06971836
333,-0.000366688,0.008377075,0.02207375,0.03542709,0.04413939,0.05238533,0.0691433
334,-0.000206471,0.008253098,0.02225113,0.03506756,0.04415321,0.05253029,0.06886482
335,-0.00056982,0.00835228,0.02205324,0.03502846,0.04418564,0.05216122,0.06930017
336,-0.000319958,0.008066177,0.02224874,0.03483915,0.04370546,0.05220079,0.06905079
337,-0.000414848,0.008422852,0.02239847,0.03492069,0.0437274,0.05221176,0.06872511
338,-0.00025177,0.008540154,0.02244616,0.03524208,0.04393196,0.05205059,0.06853199
339,-0.000637054,0.008066177,0.02161741,0.03458452,0.04353619,0.05178404,0.06797314
340,-0.000272274,0.008505821,0.02190542,0.035254,0.04390955,0.05208731,0.06840372
341,-0.000513554,0.00837326,0.02258348,0.03520155,0.04353094,0.05183077,0.06817389
342,-0.000679016,0.008189201,0.02196503,0.0348773,0.04342413,0.05115318,0.06733608
343,-0.000688076,0.00837183,0.02216291,0.03468943,0.04339266,0.05139828,0.06780815
344,0.000166416,0.00911808,0.0226078,0.0349803,0.04340124,0.05152225,0.068151
345,-9.97E-05,0.008780003,0.02249908,0.03461933,0.04313898,0.05122662,0.06752443
346,-0.000471115,0.008642197,0.02245665,0.03510427,0.04349613,0.05132151,0.06758404
347,-0.000654697,0.008985996,0.02169466,0.03476286,0.04277325,0.05027676,0.06681442
348,-0.000779629,0.008700371,0.02202749,0.03489399,0.04277468,0.05027962,0.06756783
349,-0.000567436,0.00837183,0.02191019,0.03436041,0.04266596,0.05021191,0.06682491
350,-0.00036478,0.009306908,0.02252579,0.0344739,0.04358768,0.0506382,0.06699467
351,-0.000739098,0.008533955,0.02264166,0.03465271,0.04298592,0.05026627,0.06731272
352,-0.000692368,0.009447098,0.02248764,0.03475094,0.04269934,0.05043411,0.06704044
353,9.54E-07,0.009348392,0.02263403,0.034904,0.04372358,0.05035019,0.06697416
354,-0.000528812,0.009300709,0.02213907,0.03496218,0.04265404,0.04976606,0.06638622
355,0.000138283,0.00966835,0.02266121,0.03534889,0.04304886,0.04946136,0.06680489
356,-0.000248432,0.01071835,0.02418137,0.03590202,0.04404449,0.05036497,0.06796932
357,0.000314713,0.0119524,0.02564001,0.03761053,0.04501915,0.04969549,0.06907511
358,-0.0003829,0.009921074,0.02383471,0.03554344,0.04308367,0.04898357,0.0669241
359,-0.000862598,0.009442806,0.02335072,0.03484201,0.0424962,0.04938221,0.06568718
360,-0.000566006,0.007307053,0.02050972,0.03284454,0.04077911,0.04852676,0.06442356
361,-0.0009799,0.005434513,0.01807261,0.03056335,0.03927565,0.04847574,0.06213999
362,-0.000411511,0.007913113,0.0210743,0.03288651,0.04071331,0.04877424,0.06432962
363,-0.000433922,0.008528233,0.02241659,0.03426838,0.04196024,0.04843855,0.0654192
364,-0.000526905,0.01017284,0.02337074,0.03568983,0.04340792,0.04870558,0.06603527
365,-0.000194073,0.01173306,0.02493525,0.03696203,0.04415464,0.04901695,0.06733465
366,-7.82E-05,0.01141977,0.02464342,0.03667545,0.04409313,0.04863262,0.06728315
367,-0.000324249,0.01046515,0.02383518,0.03506231,0.04352617,0.04866457,0.06641006
368,-0.000167847,0.009790897,0.02307558,0.0346756,0.04255962,0.0484767,0.06565857
369,-0.000234604,0.009586334,0.02276707,0.03482246,0.04216003,0.04804945,0.06559086
370,-0.00057745,0.009189129,0.02292109,0.03403044,0.04203701,0.0480175,0.06537676
371,-0.000199795,0.009319782,0.02267551,0.03427172,0.04181671,0.04774618,0.0652957
372,-0.000606537,0.008996487,0.02216673,0.03435421,0.04162598,0.04765415,0.06470156
373,-0.000263214,0.009495735,0.02252626,0.03445101,0.04192209,0.04759693,0.06456995
374,0.000288487,0.01048517,0.02338123,0.03447962,0.04225826,0.04770279,0.06481886
375,-0.00047636,0.01034451,0.02300596,0.03428841,0.04226017,0.04780817,0.06485653
376,-0.000424385,0.009713173,0.02248049,0.03397226,0.04126644,0.04717827,0.06425524
377,-0.000421524,0.009345531,0.02179146,0.03348827,0.04106188,0.04738569,0.06372643
378,-0.000562191,0.009960175,0.02248192,0.03427649,0.04136372,0.04695272,0.06426811
379,-0.000320911,0.01007462,0.02307081,0.03444195,0.04223156,0.04736233,0.0643549
380,-0.000310421,0.009319782,0.02198601,0.03390694,0.04101515,0.04718781,0.06341839
381,-0.000207901,0.009139061,0.0217123,0.03291416,0.0407939,0.04714346,0.06308794
382,2.38E-05,0.009471416,0.02219439,0.03347349,0.04065132,0.04648304,0.06293869
383,6.01E-05,0.009734154,0.02226162,0.03330564,0.04057741,0.04614735,0.06322336
384,-0.000515938,0.00842905,0.02125978,0.03213549,0.03936672,0.04558659,0.06181908
385,-0.000509739,0.009034634,0.02163219,0.03251171,0.04018974,0.04556847,0.06241465
386,-9.39E-05,0.008851051,0.02167511,0.03265858,0.03988075,0.04621887,0.06264973
387,-0.000392437,0.00968504,0.02200651,0.03332615,0.04039001,0.04629135,0.06285477
388,-0.000274181,0.009767532,0.02242804,0.03371572,0.04092455,0.04647779,0.06288481
389,-0.000299931,0.008313656,0.02056217,0.03178072,0.03920889,0.04592228,0.06167555
390,-0.000216007,0.007305145,0.01952648,0.03051567,0.03783894,0.04503727,0.06019258
391,-4.24E-05,0.0087924,0.02145672,0.03206968,0.03927708,0.0452075,0.06132793
392,-0.000408173,0.009965897,0.02257967,0.0334549,0.04034805,0.04572153,0.06297541
393,-0.000363827,0.009340763,0.02150202,0.03266191,0.0397892,0.04616022,0.06212664
394,-9.54E-05,0.007450581,0.01900148,0.03040743,0.03781462,0.04536057,0.06009579
395,-0.000274181,0.0074296,0.01957846,0.03069592,0.03804207,0.04459143,0.06053925
396,-0.000198841,0.007936001,0.02036095,0.03059483,0.0382843,0.04502296,0.06043386
397,-0.000567436,0.008666515,0.02103949,0.03165293,0.03877115,0.04476213,0.06076908
398,-0.000566006,0.009729385,0.02236414,0.03318167,0.04031038,0.04533434,0.06211519
399,-0.000276566,0.007939816,0.01984787,0.03081846,0.03832579,0.04502535,0.06050968
400,-7.63E-06,0.006530285,0.01808262,0.02919626,0.03628254,0.04484129,0.05838394
401,-0.000434399,0.00756979,0.01937866,0.0303731,0.0374465,0.04465008,0.05926657
402,-0.000287533,0.007374287,0.01968384,0.03053713,0.03709745,0.04349804,0.05944204
403,-0.000784874,0.007771969,0.01960039,0.03067446,0.03764582,0.04409313,0.05992222
404,-0.000169754,0.008733749,0.02039003,0.03131819,0.03818226,0.04408932,0.06031704
405,-0.000424862,0.009170532,0.02120781,0.03228283,0.03915167,0.04459381,0.06093931
406,-0.00052309,0.007557392,0.01974773,0.03009987,0.03768778,0.04427719,0.05930567
407,0.000174046,0.0062356,0.01779556,0.02870083,0.03571463,0.04396915,0.05790234
408,-0.000137329,0.00775528,0.0197525,0.03030062,0.03727484,0.0437603,0.05910778
409,-0.0003438,0.008228779,0.02056217,0.03078747,0.0376482,0.04371929,0.05957747
410,-0.000356674,0.007134914,0.01953793,0.02921057,0.03625345,0.04329205,0.05842972
411,-0.000607491,0.007349014,0.01895905,0.0294385,0.03637838,0.0430088,0.05806637
412,-0.000258446,0.009116173,0.02079487,0.03143787,0.0382061,0.04371452,0.05952692
413,-0.000326157,0.009198189,0.02143049,0.03200197,0.03892279,0.04394102,0.06040001
414,0.000326157,0.007209301,0.01919889,0.0297246,0.03634024,0.04344988,0.05813885
415,9.58E-05,0.00729084,0.01866627,0.02938604,0.03605127,0.04367685,0.05785847
416,-0.000586987,0.007499218,0.01869488,0.03025484,0.03630972,0.04301691,0.05874014
417,-0.000463009,0.007287025,0.01917505,0.02942991,0.03605556,0.04211283,0.05817795
418,-0.000473499,0.007563114,0.01906252,0.02987623,0.03640175,0.04306936,0.05770159
419,-0.000333309,0.007693768,0.01953125,0.02985191,0.03629732,0.04315662,0.05768776
420,-0.000668049,0.008718014,0.02077913,0.03092241,0.03756905,0.04360485,0.05917501
421,-0.000694752,0.009558678,0.02164698,0.03243542,0.03912354,0.04422712,0.06048441
422,-0.000615597,0.009127617,0.02124548,0.03131962,0.03831482,0.04388094,0.05963469
423,-0.000390053,0.007215023,0.01886559,0.02940035,0.03655243,0.04311705,0.05761003
424,-0.000112057,0.007267952,0.01845455,0.02900982,0.03576899,0.04312849,0.05708885
425,-0.00057888,0.006784916,0.01795673,0.02861881,0.03538609,0.04271078,0.05683088
426,-0.000259876,0.006541729,0.01792192,0.02796364,0.03458738,0.04220343,0.05678797
427,-0.000463009,0.008748055,0.02086687,0.03064919,0.03666306,0.04250288,0.05837774
428,-0.000491142,0.008626461,0.01995754,0.03005648,0.03673458,0.04287815,0.05834627
429,-4.82E-05,0.009710789,0.0217905,0.03164482,0.03791523,0.04322481,0.05914688
430,-0.000510216,0.01007843,0.02218437,0.03248739,0.03893185,0.04401779,0.0601902
431,-0.000399113,0.006856918,0.01776648,0.02876043,0.03564978,0.04310369,0.05703115
432,-0.001114368,0.004804611,0.0158658,0.02591038,0.03306437,0.04159975,0.05442762
433,-0.000213146,0.008887291,0.02103138,0.03098536,0.03786373,0.0427351,0.05873728
434,-0.000868797,0.00864315,0.01978779,0.03010988,0.03706121,0.04178095,0.0578084
435,0.000225067,0.007039547,0.01909447,0.02841616,0.03505945,0.04248047,0.05663347
436,0.000164986,0.008621693,0.02077579,0.03037262,0.03670025,0.04194784,0.05826521
437,-0.000600338,0.007690907,0.01996565,0.02952909,0.03689671,0.0418911,0.05729866
438,-0.001349926,0.007685184,0.01892519,0.02941942,0.03529644,0.04192162,0.0564456
439,-0.000171185,0.008295536,0.01926899,0.02955675,0.03590012,0.04195499,0.05717468
440,-0.00043869,0.007784367,0.01990128,0.02924299,0.03566885,0.0417037,0.05737495
441,-0.000183106,0.01014757,0.02249241,0.03205681,0.03810501,0.04162073,0.05910635
442,-0.000159264,0.008391857,0.01960945,0.02980185,0.0359354,0.04202938,0.05726624
443,0.000337124,0.008099556,0.01944971,0.02911663,0.03613901,0.04226685,0.05703735
444,0.000172615,0.009046555,0.02053833,0.02988291,0.036726,0.04193258,0.05722427
445,-6.58E-05,0.007397652,0.01873779,0.02835321,0.03541183,0.04160357,0.05593061
446,-0.0001688,0.007778168,0.01986027,0.02934742,0.03528452,0.0411315,0.05641651
447,-0.000373364,0.007808685,0.01964331,0.02904701,0.0356369,0.04094553,0.05623484
448,-0.000148773,0.007764816,0.01894903,0.02848196,0.03486347,0.03997898,0.05488729
449,-0.001089573,0.007827759,0.01924419,0.02946043,0.03547859,0.04030752,0.05518913
450,-0.000823021,0.007518768,0.01782322,0.02773285,0.03405666,0.03978443,0.05487156
451,0.000193596,0.00728941,0.01817417,0.02865744,0.03446054,0.04052448,0.05506897
452,-0.001103401,0.007095337,0.01825094,0.0280056,0.03479242,0.03989506,0.05481815
453,-0.000273228,0.008000851,0.01944256,0.02893019,0.03423834,0.04089022,0.05524254
454,0.000231266,0.008191109,0.01940012,0.0290556,0.03476858,0.04113865,0.05481339
455,-7.92E-05,0.008744717,0.01984024,0.02957582,0.03571558,0.04063702,0.05686808
456,-0.000298023,0.00822258,0.01852131,0.02838326,0.03510427,0.04046059,0.05532885
457,7.77E-05,0.008520603,0.02051544,0.03006983,0.03567457,0.04047012,0.05607843
458,0.000225544,0.009181499,0.02024031,0.03012371,0.03605795,0.04085541,0.05718803
459,-0.000387669,0.007628918,0.0189724,0.02892447,0.03507376,0.04071856,0.05553913
460,0.000442505,0.00757885,0.01861429,0.02929878,0.03462887,0.04081774,0.05501652
461,6.72E-05,0.007539749,0.01846647,0.02769661,0.03396988,0.04095793,0.05502987
462,-0.000211716,0.006605625,0.01767397,0.02748156,0.03406715,0.04038477,0.05493593
463,-0.000797272,0.009274483,0.02027035,0.02972412,0.03635311,0.04062748,0.05584192
464,0.000753403,0.01103544,0.02276373,0.03113508,0.03783369,0.04091167,0.0577035
465,-0.000480652,0.009782791,0.0207324,0.03072882,0.03599405,0.04139757,0.05737591
466,-0.00019598,0.007511616,0.01800632,0.02813292,0.03445148,0.04021835,0.05531216
467,0.000637054,0.006444931,0.01786137,0.02765274,0.0337286,0.0410943,0.05507469
468,-0.000751019,0.007879257,0.01824951,0.02824593,0.03458214,0.03965664,0.05515337
469,0.000164032,0.006717205,0.01679039,0.02693987,0.03287649,0.04086351,0.05403042
470,0.000168324,0.007026196,0.01681757,0.02650118,0.03229237,0.04074812,0.05359364
471,0.000275612,0.008625984,0.01946402,0.02926636,0.03489685,0.03953409,0.05486202
472,9.97E-05,0.009507656,0.02024412,0.02980757,0.03482056,0.0400157,0.05594969
473,-0.000720501,0.009541988,0.02136374,0.03078032,0.03546333,0.04019833,0.05573606
474,-0.0004282,0.008127689,0.01939869,0.02881575,0.03470802,0.03992176,0.05495644
475,-0.000972271,0.008232594,0.01985025,0.02935982,0.0355978,0.0401392,0.05570507
476,-4.67E-05,0.008585453,0.02023602,0.02957106,0.03508949,0.04118538,0.05539751
477,-0.001095772,0.007440567,0.01931047,0.02805758,0.03433752,0.03969431,0.05341196
478,-0.000513077,0.008432865,0.01950693,0.02904701,0.03489208,0.03990316,0.0536027
479,-0.000221252,0.009311199,0.01999521,0.02987528,0.0350399,0.0403533,0.05478764
480,-0.000470638,0.0100317,0.02122831,0.03069782,0.03624678,0.04031086,0.05539608
481,-0.000733852,0.007900715,0.01951647,0.02856731,0.03461933,0.03914738,0.0549612
482,-4.77E-07,0.008488655,0.01922035,0.02990913,0.03563261,0.03993702,0.05454636
483,-0.000861645,0.007688522,0.01913548,0.02831841,0.03373146,0.03922462,0.05315256
484,-0.000719547,0.009703159,0.02042007,0.03076172,0.03556681,0.03912354,0.05566168
485,0.000304699,0.01467848,0.02710342,0.03599691,0.0415206,0.04194689,0.05948687
486,-0.000106812,0.01589441,0.02785397,0.03678894,0.04147005,0.0411582,0.06132793
487,-0.000500202,-0.002795219,0.007117271,0.01623011,0.02419853,0.03837681,0.0452919
488,0.000106812,0.00026226,0.01051617,0.01982832,0.02705669,0.03873634,0.04718065
489,0.000180244,0.009099483,0.02019548,0.02999163,0.03497505,0.03958082,0.054842
490,-0.000546455,0.007856846,0.01967907,0.02850628,0.03347063,0.03819704,0.05338907
491,8.11E-05,0.007443905,0.01892233,0.02775526,0.0338912,0.03939867,0.05301237
492,8.63E-05,0.008738041,0.01955128,0.02891207,0.03376675,0.03886938,0.05323124
493,-4.10E-05,0.009856701,0.02054358,0.02864027,0.0353322,0.03952026,0.05423021
494,5.96E-05,0.009003639,0.01925039,0.02865219,0.03495646,0.03984594,0.05414724
495,-0.001042366,0.006793976,0.01723623,0.02546787,0.03133345,0.03699493,0.05111551
496,4.15E-05,0.01202059,0.02357817,0.03249693,0.03702641,0.04050112,0.05709553
497,-0.000300884,0.008018494,0.01846695,0.02765322,0.03391218,0.03867149,0.05359507
498,-2.29E-05,0.008381367,0.0186739,0.02785683,0.03358793,0.03941536,0.05334568
499,-4.20E-05,0.01005936,0.02114058,0.02975225,0.03517818,0.03935623,0.05415297
500,-0.000977993,0.00775671,0.01845932,0.02728176,0.03335524,0.03813744,0.05269623
501,-4.58E-05,0.009828568,0.02091026,0.02948856,0.03497887,0.03897095,0.05435371
502,-1.96E-05,0.009055138,0.01990414,0.02938795,0.0344696,0.03948689,0.05350304
503,9.01E-05,0.008410454,0.0192318,0.02813053,0.03329372,0.03884602,0.05312538
504,2.15E-05,0.007246494,0.01830769,0.02705097,0.03314257,0.03869295,0.0517025
505,0.0006423,0.009055614,0.01972437,0.02795982,0.03441238,0.0389328,0.05314255
506,-0.000309944,0.009011269,0.01972485,0.02764988,0.03441,0.04000235,0.05342388
507,-0.000529766,0.007107258,0.01762056,0.02743101,0.03243971,0.03785753,0.05155611
508,-0.000497818,0.009244919,0.01950693,0.02848625,0.03431845,0.0391345,0.05267096
509,-0.000516415,0.007454395,0.01826954,0.0271616,0.0323534,0.03846455,0.05268335
510,-0.000423431,0.008248806,0.01962519,0.02800512,0.03296328,0.03817081,0.05296755
511,0.001056194,0.01046371,0.02079296,0.02958345,0.03468657,0.03960276,0.05358744
512,-0.000126839,0.008070469,0.0178771,0.02675581,0.03287649,0.03854752,0.05228329
513,-0.000480652,0.00856638,0.01901102,0.02694178,0.03408051,0.03939772,0.05250263
514,7.63E-06,0.008573055,0.01868153,0.027174,0.03309441,0.03848791,0.050776
515,-0.000193596,0.007079601,0.0168767,0.02560663,0.03202486,0.03749561,0.05000734
516,0.000769615,0.00899744,0.01915836,0.02813435,0.03326321,0.03827143,0.05174255
517,8.25E-05,0.007964134,0.01804686,0.02708483,0.03213453,0.03850794,0.05088329
518,-0.000855923,0.007374763,0.01763821,0.02543211,0.03168201,0.03720379,0.05190563
519,-0.000212669,0.009268761,0.01896811,0.02681494,0.03197193,0.03682661,0.05097389
520,8.15E-05,0.00649929,0.01693726,0.02472639,0.03059101,0.03759766,0.04929113
521,-0.000603199,0.007374763,0.01934671,0.02725601,0.0322957,0.03704834,0.05192947
522,-0.000322819,0.00880003,0.01879168,0.02661133,0.03248262,0.03949308,0.05131388
523,3.86E-05,0.007948399,0.01881456,0.02701426,0.03223228,0.0360055,0.05089283
524,-0.000255585,0.008675098,0.01951838,0.02691746,0.03277254,0.03761387,0.05107069
525,-0.001405716,0.00728035,0.01712561,0.025846,0.03174734,0.03630638,0.05039787
526,-0.000567913,0.009180069,0.01994801,0.02805758,0.03263426,0.03788233,0.05108643
527,-0.001203537,0.007926941,0.01852417,0.0276866,0.0324235,0.03728294,0.05109596
528,-0.000600338,0.008263111,0.01843023,0.02771044,0.0323782,0.0374794,0.05175877
529,-0.000890255,0.008274078,0.01822758,0.02876186,0.03324175,0.03786993,0.05219889
530,0.00123167,0.008117199,0.01799726,0.02745819,0.03299046,0.0375495,0.05234814
531,-0.000684738,0.008093357,0.01727057,0.02687979,0.03140068,0.03683424,0.05130863
532,-0.000317097,0.008384705,0.01846743,0.02728987,0.03326273,0.03826284,0.05189323
533,-0.000399113,0.009889126,0.0210104,0.02927685,0.03446198,0.03771114,0.05240726
534,-0.000801563,0.008690834,0.01783276,0.02680016,0.03175306,0.03649569,0.05032015
535,-0.000254631,0.008807659,0.01889181,0.02809048,0.0336051,0.03751278,0.05116129
536,-0.000563145,0.006992817,0.01707649,0.02507162,0.03061104,0.0366025,0.05009079
537,-0.000646591,0.007305145,0.01738977,0.02585125,0.03155422,0.03637791,0.04930258
538,-0.000156879,0.01019621,0.02031565,0.02865791,0.03360987,0.03695631,0.05168867
539,0.000330448,0.008784294,0.01857185,0.02794695,0.03225279,0.03668404,0.05117846
540,-0.001100063,0.007725716,0.01706457,0.02624941,0.03176785,0.03645802,0.04937649
541,-0.000105858,0.008890152,0.01914549,0.02767467,0.0328126,0.03740454,0.0503459
542,-0.000247479,0.007883072,0.01887941,0.02713585,0.03224659,0.03728342,0.05139542
543,-0.000590801,0.00780344,0.01890421,0.02683926,0.0325079,0.03672218,0.0505414
544,-8.06E-05,0.008750439,0.01901436,0.02694464,0.03243542,0.03670883,0.0506773
545,-0.000195503,0.007610321,0.0178709,0.02690983,0.03172493,0.0368042,0.05006266
546,-0.000259876,0.007532597,0.01782799,0.02508926,0.03206301,0.03555107,0.04996157
547,-0.000252724,0.01012421,0.0200305,0.02855158,0.03357553,0.03730774,0.05168486
548,0.00017643,0.00993824,0.01906681,0.02805996,0.03339434,0.03658438,0.05116224
549,-0.00063324,0.005930901,0.01615143,0.02427769,0.02932978,0.03680277,0.04887772
550,0.000208378,0.008118629,0.01741457,0.02662277,0.03110123,0.03648376,0.05023241
551,-0.000608921,0.007156372,0.01813316,0.02693319,0.03183031,0.03644657,0.05021334
552,2.57E-05,0.009953022,0.01986361,0.02885818,0.03287458,0.03705359,0.05109453
553,0.000112534,0.008686066,0.01793432,0.02691364,0.03203249,0.03692007,0.05003119
554,-0.000615597,0.006453037,0.01669645,0.02511692,0.03018236,0.03571224,0.04856443
555,0.000450134,0.00906086,0.01901865,0.02699518,0.03234148,0.03597975,0.0512166
556,-0.000236988,0.007237434,0.01708412,0.02610922,0.03036165,0.03567219,0.04890633
557,-0.001298428,0.007502556,0.01677084,0.0255146,0.03068304,0.0357995,0.04858541
558,-0.000556469,0.007409573,0.01738262,0.02630806,0.03102636,0.03593588,0.04874992
559,-0.00054121,0.007020473,0.01727533,0.02548981,0.03065538,0.03619194,0.04866314
560,4.82E-05,0.01072359,0.02063656,0.02932453,0.03414202,0.03821087,0.05187511
561,-0.000190258,0.007694721,0.01743603,0.02676535,0.03078461,0.03506184,0.04927301
562,-0.000565529,0.00645113,0.01666975,0.02569675,0.0300622,0.03588104,0.04862595
563,0.000983715,0.008182526,0.01890135,0.0269928,0.03135681,0.03615046,0.04962015
564,-0.000625134,0.008103848,0.01798534,0.02579737,0.03116703,0.03542233,0.04947758
565,-0.000418186,0.006674767,0.01610565,0.02474833,0.02963352,0.03519297,0.04767179
566,-0.000298977,0.007654667,0.01763248,0.02648067,0.0312748,0.035748,0.04855061
567,0.000247955,0.009964466,0.02042103,0.02890635,0.03302336,0.03642893,0.05066967
568,0.000225067,0.01023674,0.01917744,0.02783585,0.03273249,0.03540564,0.05009413
569,-0.00050211,0.01193523,0.02154875,0.02997494,0.03457785,0.03613472,0.05162239
570,-0.000336647,0.009032249,0.0188117,0.0274415,0.03174782,0.03556728,0.04919481
571,-0.000279427,0.009449959,0.01970959,0.02765131,0.03226328,0.03567696,0.04988432
572,-1.43E-05,0.007805347,0.01752615,0.02534723,0.03039026,0.03535461,0.04810762
573,-0.000257969,0.008859634,0.01889038,0.02689314,0.03178167,0.03563643,0.04923725
574,-1.81E-05,0.01054335,0.02057743,0.02871132,0.03295088,0.03570843,0.05036974
575,-0.000238419,0.007407188,0.01703262,0.02508497,0.03004503,0.03520584,0.04796982
576,-7.53E-05,0.006809711,0.01659155,0.02445698,0.0295577,0.03533697,0.04758406
577,-0.000228882,0.01117516,0.02148008,0.02926016,0.03381157,0.03615761,0.05105114
578,-0.000157833,0.008569241,0.01835489,0.02620792,0.03109741,0.0354557,0.04867125
579,-8.73E-05,0.005654335,0.01522875,0.02330923,0.02842331,0.03509378,0.04651308
580,-0.000282764,0.007576942,0.01709509,0.02489471,0.02992201,0.03518867,0.04764366
581,-6.96E-05,0.01261425,0.02318144,0.03091288,0.03526545,0.03571749,0.05195141
582,-0.00014782,0.006785393,0.016222,0.0240984,0.02895689,0.03429508,0.04670286
583,-0.000529766,-0.000612259,0.00797987,0.01600361,0.02162647,0.03340006,0.04036331
584,-7.82E-05,0.01008749,0.0199151,0.0278039,0.03233862,0.03520203,0.04979849
585,-0.000287056,0.01059723,0.02086401,0.02861357,0.03272057,0.03497267,0.04985523
586,-0.000217915,0.004426003,0.01331902,0.021276,0.02645588,0.03377342,0.04433441
587,-0.000268936,0.007091522,0.01671457,0.02466536,0.02882528,0.03412342,0.04669285
588,-0.000517845,0.007063389,0.01670313,0.0243969,0.02902937,0.03381348,0.04645109
589,-0.000152588,0.005021572,0.01403761,0.02160645,0.02672291,0.03389692,0.04455662
590,-0.000273228,0.006505013,0.01535463,0.02348614,0.02821064,0.03368855,0.04552507
591,-0.000397205,0.006393433,0.01542473,0.02332067,0.02780819,0.03359079,0.04525805
592,-0.00076437,0.01055956,0.02008772,0.0277071,0.03208923,0.03411245,0.04919052
593,-8.30E-05,0.01050282,0.01991367,0.02761126,0.03142262,0.03435373,0.04870319
594,-1.05E-05,0.004290581,0.01265383,0.02050543,0.02574492,0.03339386,0.04329109
595,-0.000151634,0.008756161,0.01865482,0.02591944,0.03067207,0.03429937,0.0479188
596,-0.000393391,0.004662991,0.01383543,0.0213089,0.02610445,0.03304386,0.04430008
597,-6.34E-05,0.006310463,0.01546717,0.02338362,0.02791166,0.03362465,0.04536343
598,0.000287056,0.01012087,0.01980639,0.02756739,0.03179121,0.03448248,0.04882383
599,-0.000142574,0.009335995,0.01899433,0.02639818,0.0307188,0.0341301,0.04782295
600,-0.000479221,0.007231236,0.01669598,0.02413416,0.02881002,0.03367615,0.04618406
601,0.000456333,0.00728941,0.01715755,0.0247221,0.02926731,0.03401375,0.04660177
602,0.000205994,0.007180691,0.01633358,0.02397537,0.02842808,0.03365374,0.04608202
603,0.000105858,0.01007032,0.02024174,0.02771854,0.03112745,0.03432655,0.04852772
604,-2.67E-05,0.006056786,0.01493168,0.0226078,0.02750111,0.03284073,0.04461241
605,-0.000721455,0.006979942,0.01710987,0.02473164,0.02928114,0.03354454,0.04594374
606,-0.000171661,0.00831461,0.01801825,0.02555227,0.02963161,0.03384733,0.04708624
607,0.000140667,0.007414818,0.01683569,0.02430296,0.02885151,0.03380489,0.04617357
608,0.000116825,0.00701189,0.01621962,0.02329493,0.02811003,0.03339434,0.04539537
609,0.000105858,0.00848484,0.01823092,0.0253768,0.02981186,0.03401375,0.04720163
610,-0.000302315,0.008552551,0.01844788,0.02572823,0.02982187,0.03376198,0.0473876
611,-3.53E-05,0.007467747,0.01641417,0.02400446,0.02864408,0.03326654,0.04544449
612,-0.000765801,0.006552696,0.01585102,0.02332687,0.02760172,0.03260612,0.044981
613,-8.44E-05,0.008607864,0.01785851,0.02491808,0.02941895,0.03339624,0.04684734
614,0.000143051,0.007876396,0.01719284,0.02491188,0.02932072,0.03294563,0.04552984
615,-0.000202179,0.007748127,0.01715136,0.02421856,0.02883816,0.03304195,0.04628229
616,0.000658989,0.006225586,0.01501465,0.02314901,0.02719164,0.03304434,0.04452038
617,-0.000914097,0.006841183,0.01630116,0.02386141,0.02804089,0.03255749,0.04471302
618,-0.000454903,0.008615017,0.01748085,0.02522135,0.02925491,0.03217125,0.04635525
619,-0.000435352,0.0103879,0.02028084,0.02734709,0.0312109,0.03326559,0.04841328
620,-0.000591278,0.0109458,0.02065659,0.02782965,0.03087711,0.0334096,0.04727554
621,5.34E-05,0.006559849,0.0164237,0.02379036,0.02750397,0.03242731,0.04517603
622,0.000451565,0.007613659,0.01705027,0.02448702,0.02779722,0.03357077,0.04643583
623,-0.00088501,0.00506115,0.01376343,0.02132511,0.02623606,0.0331459,0.04359961
624,-0.000417233,0.003561974,0.01206112,0.0198555,0.02380562,0.03181553,0.04181004
625,-0.000192642,0.006055355,0.01477528,0.02240753,0.02656555,0.03203058,0.04379654
626,3.53E-05,0.005753517,0.01558542,0.02215433,0.02653551,0.03303385,0.04451799
627,-0.00011301,0.008443832,0.01782084,0.02461147,0.02996159,0.03388405,0.04578733
628,-1.96E-05,0.007757664,0.01664782,0.02394009,0.02883244,0.03255892,0.04575443
629,8.11E-05,0.007793903,0.01667929,0.02525568,0.02953339,0.03311777,0.04625845
630,-0.000432015,0.007623672,0.01608896,0.02411842,0.02887249,0.03246212,0.04540586
631,-0.001132011,0.006366253,0.01605511,0.02220345,0.02733946,0.03185368,0.04365587
632,-0.000844479,0.007137299,0.01594067,0.02233839,0.02844524,0.03298187,0.04331303
633,-3.05E-05,0.008170128,0.01670456,0.02463293,0.0288434,0.03410721,0.04500866
634,-0.000373364,0.005697727,0.01479053,0.0229435,0.02709007,0.03126383,0.04407263
635,-0.000930309,0.007469654,0.01642418,0.02402306,0.02822638,0.03288651,0.0468235
636,0.000617027,0.009408474,0.01796722,0.02590179,0.02996969,0.03333712,0.04671192
637,-0.000915051,0.006574154,0.01450062,0.02246237,0.02751255,0.03177834,0.04546833
638,0.000552654,0.007247925,0.01685047,0.02365351,0.02819633,0.03390026,0.04598427
639,-0.000296116,0.004943848,0.01453447,0.0230813,0.02575731,0.03231239,0.04238605
640,0.000206947,0.00655508,0.01585674,0.02396822,0.0276804,0.03290653,0.04554462
641,-0.0010252,0.005112648,0.01400805,0.02216721,0.02682257,0.03273106,0.04278898
642,-0.000760555,0.008091927,0.01633263,0.0218153,0.02782917,0.03433561,0.04470634
643,0.000426292,0.006961823,0.0192275,0.02418423,0.02879095,0.03291559,0.04747152
644,-3.10E-05,0.008676529,0.01903677,0.0248909,0.02854776,0.03479767,0.04640579
645,0.000227928,0.008153439,0.01707935,0.02673197,0.02879429,0.03303957,0.04450655
646,0.001291752,0.003489971,0.01646185,0.02121973,0.02762794,0.03100348,0.04334116
647,-0.001643658,0.005935192,0.01244068,0.02201796,0.02561903,0.03054905,0.04049397
648,-0.000833988,0.005786896,0.01595259,0.02316284,0.02675009,0.03328943,0.04320669
649,0.001698971,0.008059978,0.01734972,0.02454472,0.029953,0.03308487,0.04441261
650,-0.000701904,0.007354736,0.01422405,0.02061939,0.02492666,0.03435707,0.04353237
651,-0.001039982,0.008387566,0.01721907,0.02413177,0.02686357,0.03391075,0.04199839
652,-8.30E-05,0.009827614,0.01799297,0.02560663,0.02650213,0.03506613,0.04726315
653,0.001176834,0.007735252,0.01570797,0.02415276,0.02792549,0.03363991,0.0450387
654,0.001503468,0.006011486,0.01729202,0.02245808,0.03067303,0.03285456,0.04481363
655,-0.000156879,0.01588106,0.02504587,0.03274965,0.03601885,0.03460979,0.04956007
656,-7.87E-05,0.01795006,0.02870893,0.03504229,0.03746796,0.03338766,0.05292273
657,9.16E-05,-0.01888561,-0.01367331,-0.006560802,0.002432823,0.02823448,0.02236366
658,-0.001478672,-0.01206303,-0.005622864,0.002824306,0.01075077,0.03054571,0.02937937
659,-0.001991272,0.007399559,0.0178504,0.02522039,0.0300889,0.03159094,0.04469299
660,-0.001787663,0.006022453,0.01397514,0.01938343,0.02770185,0.03065681,0.04326153
661,-0.001335621,0.007196426,0.01818132,0.02385569,0.02847338,0.03310585,0.04431534
662,-0.002251148,0.003635406,0.01284647,0.01933241,0.02546072,0.03028679,0.04148674
663,-0.000395775,0.005129814,0.01346159,0.02432823,0.02745533,0.029809,0.0441041
664,2.10E-05,0.006802559,0.0171051,0.02669954,0.02610493,0.02997732,0.04477835
665,0.002770424,0.007389069,0.01560926,0.02469158,0.03055143,0.0322547,0.04573584
666,-0.000517845,0.006061554,0.01410437,0.0267787,0.02893066,0.02927208,0.04524374
667,0.001170158,0.008052826,0.01344061,0.02367496,0.02751637,0.03291082,0.04482031
668,0.002202511,0.006467819,0.0155344,0.02375174,0.02716446,0.0330863,0.04604626
669,-0.000642777,0.005996227,0.01725769,0.02608299,0.03109932,0.03209925,0.04178286
670,-0.001301289,0.006137371,0.01491451,0.02174282,0.0259552,0.03061056,0.04214478
671,-0.0004282,0.006658077,0.01604843,0.02299166,0.02740669,0.03055334,0.04368639
672,1.57E-05,0.00943327,0.017694,0.02602434,0.02919245,0.03289175,0.04593515
673,0.000537872,0.005331516,0.01326942,0.02153397,0.02598524,0.03197289,0.04133606
674,0.000449657,0.006759644,0.01586342,0.02303696,0.02644062,0.03236866,0.0414629
675,-0.000252724,0.007388115,0.01520443,0.02363539,0.02720785,0.03169727,0.04286432
676,0.000692844,0.0063591,0.01695824,0.02378654,0.02750492,0.0326457,0.04387999
677,-0.00074482,0.00729084,0.0156002,0.02397871,0.02785492,0.03144312,0.04252434
678,-0.001093864,0.007915974,0.01735115,0.02288866,0.02724934,0.03149748,0.04497337
679,0.001298428,0.009247303,0.01598644,0.02349854,0.02880049,0.03311872,0.04327106
680,0.000657082,0.007622242,0.01674414,0.02293348,0.02710962,0.03097296,0.0438633
681,-4.10E-05,0.005776405,0.01543379,0.02159119,0.02613449,0.03228426,0.04233074
682,-0.00046587,0.006746769,0.01675367,0.02396917,0.02761841,0.0329957,0.04315805
683,-0.000870705,0.005894661,0.01543522,0.02102757,0.02680397,0.0313735,0.04192781
684,-0.001620293,0.007572174,0.01619911,0.02377415,0.02669001,0.03011179,0.04363537
685,-2.15E-05,0.009003639,0.01707888,0.02469254,0.02853727,0.03069115,0.04474688
686,-0.00017786,0.006476402,0.01522827,0.02280521,0.02532053,0.0316081,0.04210567
687,0.000123978,0.008167267,0.01616335,0.02293873,0.02739048,0.03070498,0.04245758
688,3.10E-05,0.005695343,0.01452208,0.02108431,0.02550268,0.03022146,0.04240513
689,0,0.007491112,0.01655436,0.02236414,0.02700329,0.03051233,0.04130316
690,6.53E-05,0.007540703,0.01618147,0.02359343,0.02695227,0.0310235,0.04311562
691,0.000243664,0.008310795,0.01668739,0.02358389,0.02754354,0.03099537,0.0431304
692,-0.000510216,0.006480217,0.0154357,0.02253819,0.02623892,0.03039885,0.04206562
693,0.000311852,0.008038998,0.01695013,0.02336407,0.02768564,0.03074551,0.04332781
694,-0.000161648,0.005455494,0.01371956,0.02100801,0.02437973,0.0309267,0.04135275
695,-0.001056194,0.007323265,0.01646042,0.02212477,0.02615356,0.02919245,0.04305506
696,0.001497746,0.008006573,0.0150013,0.02191114,0.02640581,0.03132868,0.04159975
697,0.000291824,0.01051807,0.0200758,0.02718067,0.02896547,0.03168249,0.0448308
698,0.000499249,0.004909992,0.01347637,0.02066708,0.02509832,0.03083229,0.04011583
699,-0.00039053,0.006784439,0.0163188,0.02289152,0.02551031,0.03084564,0.04186249
700,0.00082922,0.006243229,0.01396751,0.02132416,0.02540159,0.02985096,0.04111624
701,-0.000500202,0.006440639,0.01341295,0.02114439,0.0243783,0.02930117,0.04140425
702,0.000583172,0.007711887,0.01637459,0.0235877,0.02760601,0.03002167,0.04276657
703,-1.48E-05,0.007131577,0.01516294,0.02171516,0.02523375,0.03032446,0.04237127
704,-0.000975609,0.005406857,0.0146184,0.02095032,0.0260849,0.02948284,0.0422225
705,-0.001633644,0.005921841,0.01330042,0.02124405,0.02421093,0.03005266,0.04043198
706,0.000500202,0.008841038,0.01740074,0.02276659,0.02732944,0.03167582,0.04509115
707,-8.44E-05,0.00815773,0.01657534,0.02498865,0.02782917,0.03000116,0.04258442
708,-0.000796795,0.006173611,0.0142293,0.02128029,0.02566433,0.02932739,0.0408392
709,0.00027132,0.006588459,0.01542997,0.02170324,0.02653408,0.03033447,0.04095888
710,0.000485897,0.008748531,0.01685715,0.02304506,0.02673435,0.03026915,0.04189014
711,-0.000357151,0.007035732,0.01631212,0.0222578,0.02588654,0.03027439,0.04244614
712,0.000142574,0.006728649,0.01501942,0.02247715,0.02585697,0.02999496,0.04178667
713,0.00036478,0.008348942,0.01722193,0.02602243,0.02811909,0.03242254,0.04365015
714,-0.000371933,0.008291245,0.01650572,0.02327156,0.02685213,0.02978182,0.04253292
715,-0.000785828,0.006333351,0.01537132,0.02274418,0.0257082,0.02967262,0.04162264
716,0.000378609,0.006701946,0.01547289,0.0214777,0.02644682,0.0303998,0.04202223
717,-0.001134872,0.006637573,0.01482677,0.0217309,0.02603722,0.02878857,0.04056215
718,-0.000865459,0.007005215,0.01616955,0.02205467,0.02577639,0.0289793,0.04184628
719,-0.000690937,0.007966042,0.01591539,0.02365637,0.02579641,0.03035736,0.04320526
720,-0.000981331,0.005400181,0.01413202,0.02072477,0.02359676,0.02922487,0.04037762
721,0.000989914,0.007935524,0.0148406,0.02314854,0.02658844,0.03070784,0.04052877
722,0.000268459,0.008145809,0.01552868,0.02320623,0.02438974,0.0292325,0.04078865
723,-0.000880718,0.007887363,0.01642609,0.02322912,0.02742672,0.03078699,0.04191208
724,0.000487328,0.008498192,0.01664114,0.02301455,0.02581453,0.03025961,0.04194832
725,0.001070499,0.007825851,0.01711607,0.0234437,0.02577162,0.02931452,0.04124737
726,-0.001181602,0.007091522,0.01578617,0.02293921,0.02521563,0.0299201,0.04072618
727,-0.000137329,0.006532669,0.01486588,0.02242088,0.02624226,0.02944613,0.04075575
728,-0.000732899,0.007641315,0.01728058,0.02281475,0.02641344,0.03040171,0.04198265
729,-0.001012802,0.007330418,0.01588345,0.02247429,0.02752399,0.03021955,0.04268122
730,0.000597954,0.009209156,0.01735783,0.02330351,0.026402,0.03120565,0.04244375
731,-0.000156879,0.008607864,0.01745701,0.02368498,0.02764988,0.03001595,0.04309082
732,8.15E-05,0.007421017,0.01491642,0.02214527,0.02583742,0.02944613,0.04095888
733,-0.001088142,0.007327557,0.01621628,0.02273178,0.02618074,0.02993917,0.04222488
734,-0.000691891,0.008114815,0.01713037,0.02326107,0.02699518,0.02994299,0.04140902
735,0.000115395,0.008860588,0.01577902,0.02263355,0.02610826,0.03006506,0.04233074
736,-0.000643253,0.007601261,0.01649952,0.02296305,0.02719831,0.0306325,0.04181767
737,-0.000549316,0.008694172,0.01672792,0.02374554,0.02803516,0.03031254,0.04141474
738,0.000461102,0.006830215,0.01544428,0.02294016,0.02610636,0.03028917,0.04019165
739,0.000622749,0.009438515,0.01793814,0.02388382,0.0280056,0.0304389,0.04250097
740,-0.000290394,0.007291317,0.01582289,0.02173281,0.02547884,0.02979994,0.04085255
741,-0.000160217,0.006706715,0.01683807,0.02189398,0.02539825,0.03065109,0.04157782
742,-0.000248432,0.00772953,0.01608086,0.02271557,0.02621746,0.02918768,0.04068184
743,0.000939846,0.007740021,0.01577997,0.02144718,0.02523184,0.02889729,0.04083347
744,-0.001092911,0.006382465,0.0147624,0.02211475,0.02538586,0.02977896,0.03993559
745,0.00035286,0.00749445,0.01654196,0.0228014,0.02504301,0.02992725,0.04109001
746,-0.001070499,0.007422924,0.01487541,0.02241039,0.02559471,0.02868986,0.04086494
747,-4.01E-05,0.008536339,0.01651001,0.02355528,0.02713537,0.03014708,0.04116058
748,-0.001310349,0.007951736,0.01541758,0.02031517,0.02415228,0.0287919,0.04038525
749,4.77E-05,0.007948399,0.01631021,0.02283239,0.02684832,0.02971506,0.0408392
750,-0.000190258,0.008461475,0.01755905,0.02377415,0.02729702,0.03024912,0.04192066
751,-4.72E-05,0.007529736,0.01661205,0.02311373,0.02621794,0.02954817,0.04210615
752,-0.000586033,0.00751543,0.01669693,0.02239799,0.02543831,0.02970886,0.04127789
753,0.000623226,0.008784771,0.0169673,0.02392769,0.02697372,0.03090143,0.0419507
754,-0.001037121,0.008718014,0.01737642,0.02339745,0.02621555,0.02945423,0.04123497
755,-0.000711918,0.007081509,0.01596832,0.02281141,0.02513313,0.0288558,0.04097271
756,-0.000257969,0.00869751,0.0175848,0.02402639,0.02757835,0.03047991,0.04132318
757,-0.000435829,0.009365082,0.01711798,0.02364826,0.02665854,0.02949381,0.04105377
758,-1.96E-05,0.007356644,0.01570749,0.02192259,0.02551222,0.02876091,0.03972292
759,0.00021553,0.008135796,0.01630688,0.02387238,0.02637196,0.02971172,0.04103327
760,0.000174046,0.008486748,0.01705265,0.02332401,0.02699041,0.02870178,0.04074478
761,-0.000437737,0.007299423,0.01643991,0.02308893,0.02616215,0.02882099,0.04177856
762,-0.000557423,0.008536339,0.01585722,0.02224827,0.02602148,0.0287323,0.04086924
763,-0.000300407,0.009327888,0.01718569,0.02320766,0.0266881,0.0295682,0.04172182
764,0.000902653,0.009219646,0.01798964,0.02465153,0.02685928,0.0300107,0.04296637
765,5.48E-05,0.008461952,0.01640415,0.02248812,0.02536774,0.02888775,0.04149771
766,-1.48E-05,0.00840807,0.01704216,0.023067,0.0260129,0.02922153,0.04039145
767,-0.000347614,0.0078125,0.01466799,0.02162933,0.02460766,0.0287466,0.04096031
768,0.000318527,0.008888721,0.01740074,0.02373981,0.02724171,0.03103781,0.04274464
769,0.000201702,0.00858736,0.01622152,0.02335501,0.02665615,0.02897882,0.03989077
770,0.000802517,0.008126736,0.0162468,0.02258539,0.02559471,0.02917194,0.04007101
771,0.000439644,0.008167267,0.01613283,0.02260685,0.02588367,0.02866173,0.04107809
772,-0.001229763,0.007535458,0.01515818,0.02095509,0.02486515,0.02846289,0.03960419
773,-0.000141621,0.007789612,0.0163331,0.02234221,0.02638006,0.02833939,0.03924894
774,-0.000308991,0.007797241,0.01605749,0.02186966,0.02513266,0.02875042,0.03911114
775,-0.0008111,0.006838322,0.01474285,0.02118921,0.02451563,0.02809,0.04044008
776,-0.000779152,0.005703926,0.01495743,0.02007341,0.02398443,0.02870131,0.03948212
777,-0.000173569,0.006566048,0.01410961,0.02112007,0.02537632,0.02764225,0.03867388
778,-0.000753403,0.007218361,0.01423025,0.02067709,0.02432251,0.02731466,0.04013538
779,-0.000361919,0.007328987,0.0142622,0.02045202,0.02563,0.02751923,0.03925943
780,1.38E-05,0.007465839,0.01619291,0.02241182,0.02498865,0.02840042,0.03991747
781,-0.000261784,0.007920265,0.01544523,0.02172565,0.02448511,0.02781916,0.03940868
782,0.000655174,0.00727129,0.01600695,0.02178764,0.02440786,0.02712679,0.03917265
783,-0.000252247,0.008010864,0.01538134,0.02223349,0.02494144,0.02756739,0.03975058
784,-0.001442432,0.00701952,0.01483297,0.02103472,0.02430248,0.02733564,0.03830051
785,0.000104427,0.007663727,0.01622105,0.02244949,0.02464008,0.02878189,0.0392251
786,-0.000281811,0.007035255,0.01474476,0.02206802,0.02408409,0.02781868,0.03769684
787,0.001097202,0.007011414,0.0164361,0.02222586,0.02446699,0.02863503,0.03975153
788,0.001151562,0.007335186,0.01508904,0.02177334,0.02546692,0.02761984,0.03986359
789,0.000149727,0.006690025,0.01574993,0.02223063,0.02530384,0.02833796,0.03823996
790,-0.000496388,0.006263256,0.0142355,0.02210903,0.02469349,0.02777195,0.03818464
791,-0.001724243,0.005935669,0.01456356,0.02194548,0.02368784,0.02735424,0.03846598
792,-0.000825405,0.005945206,0.01591396,0.02086353,0.02409554,0.02778244,0.03907394
793,0.000164986,0.005847454,0.01447916,0.02099657,0.02408409,0.02794456,0.03926277
794,-0.000117779,0.006448746,0.01457691,0.02112103,0.02360058,0.02685785,0.0391984
795,0.001376152,0.00761652,0.016541,0.02269268,0.02474689,0.02825737,0.04058266
796,7.15E-05,0.007742405,0.01724005,0.0235343,0.0261507,0.0289216,0.04014921
797,0.00034523,0.007480145,0.01625776,0.02101994,0.02429867,0.02858543,0.03983116
798,-0.000581265,0.008161068,0.01553774,0.02111578,0.02581978,0.02732182,0.03956795
799,0.000686169,0.009279728,0.01580763,0.02259922,0.02606773,0.02902699,0.03985453
800,-0.00090456,0.007648945,0.01610994,0.02198887,0.02418709,0.02773952,0.03767776
801,-0.001174927,0.006712914,0.01367903,0.02058935,0.02448845,0.02729511,0.0385437
802,7.10E-05,0.007977486,0.01484966,0.02224588,0.02519178,0.02737713,0.03803539
803,-0.000257015,0.007418633,0.01533556,0.02219629,0.02509069,0.02724314,0.03827381
804,-0.000255585,0.007217884,0.01592207,0.02131462,0.02545404,0.0276556,0.03832865
805,0.001063824,0.007290363,0.01556396,0.0225668,0.02504063,0.02801847,0.03815556
806,0.000177383,0.00779438,0.01545477,0.02201176,0.02342987,0.0272665,0.03772116
807,-2.38E-06,0.009042263,0.01521492,0.02253056,0.02602577,0.02774382,0.03847408
808,-0.000369072,0.008194447,0.01578045,0.0231123,0.02506208,0.02820063,0.03977203
809,-0.00073719,0.007512093,0.01445389,0.02176762,0.02368546,0.02609444,0.0377264
810,-0.000497341,0.005418301,0.01333809,0.02057648,0.02256966,0.02617025,0.0374279
811,0.000229836,0.006588459,0.01514626,0.02032518,0.02477932,0.02641296,0.03791189
812,0.000358582,0.009029388,0.01613569,0.02225018,0.02530479,0.02741385,0.03933001
813,0.00032711,0.006072998,0.01329899,0.02006912,0.0227828,0.02777672,0.03677082
814,-0.000255585,0.008515358,0.0155344,0.0220294,0.02322292,0.0260396,0.03830862
815,-0.000376701,0.008336544,0.01583719,0.02205706,0.02414417,0.02735424,0.03824329
816,0.001205921,0.007668018,0.01446772,0.0228157,0.02410221,0.02859879,0.03931046
817,-0.000396729,0.006803036,0.01407909,0.02054739,0.02252722,0.02652025,0.03878593
818,0.000717163,0.00850153,0.01697731,0.02315474,0.02540302,0.028409,0.03909874
819,-0.000226975,0.008226395,0.0163517,0.0219636,0.02376986,0.02725935,0.03826332
820,-0.000534058,0.005795956,0.01487303,0.02031851,0.02294827,0.02552843,0.0375514
821,0.000393391,0.0099473,0.01602745,0.02343702,0.02551842,0.02677155,0.03864765
822,-0.000756264,0.007630825,0.01578903,0.02163219,0.02290201,0.02695942,0.03801298
823,-0.001152515,0.006252766,0.0141573,0.0199995,0.02331543,0.02634716,0.03741169
824,0.00040102,0.009417057,0.01541328,0.02266026,0.02441978,0.02850485,0.03887701
825,0.000353336,0.005560398,0.01354218,0.01941538,0.02262592,0.02814674,0.03691673
826,-0.001272678,0.008927822,0.01651049,0.02241087,0.02448606,0.02783918,0.03976107
827,-0.000567913,0.00702095,0.01457357,0.01949024,0.02459669,0.02739668,0.03769541
828,0.000815868,0.01036453,0.01703882,0.02542782,0.02542543,0.02798748,0.04175901
829,-0.000596523,0.007922173,0.01462889,0.01958227,0.0238018,0.02730894,0.03743505
830,0.000546455,0.01048851,0.01843643,0.02567625,0.02681637,0.02897835,0.04056263
831,-0.000116348,0.006858826,0.01732445,0.02117062,0.02421379,0.02669144,0.03849983
832,0.000784874,0.007749557,0.01552629,0.02261591,0.02439594,0.02816391,0.03874779
833,-0.00045681,0.007444382,0.01535702,0.02276039,0.02515936,0.02675676,0.03826284
834,-2.19E-05,0.006772518,0.0131669,0.02013731,0.02268267,0.02511454,0.03710651
835,-0.00011158,0.007849693,0.01599169,0.02219057,0.02510071,0.02561617,0.03903055
836,0.001511574,0.009642601,0.01681948,0.02232599,0.02539921,0.0296483,0.039433
837,0.002307892,0.00920105,0.01857519,0.02139854,0.02500153,0.02796412,0.04002047
838,-0.001153946,0.006878853,0.01824474,0.02381229,0.02617598,0.02951956,0.03856516
839,-0.001900673,0.005183697,0.01228046,0.0185194,0.02156115,0.02455235,0.03451014
840,-0.001684189,0.006417751,0.01705027,0.02127504,0.02304792,0.02669716,0.03782463
841,0.000870228,0.008356571,0.01580381,0.02265167,0.02389908,0.02783442,0.0388689
842,-0.00020361,0.008896351,0.01598072,0.02243423,0.02349043,0.02863026,0.03876114
843,-0.000649929,0.008180141,0.01391649,0.02002716,0.02301645,0.02580404,0.03690767
844,-0.000564575,0.007804394,0.01537752,0.02197123,0.02395439,0.02585888,0.03819132
845,0.001076221,0.008530617,0.01474714,0.02205801,0.02502108,0.02685785,0.03935051
846,-0.000646114,0.008483887,0.01713657,0.02118921,0.0232296,0.02665186,0.03920078
847,-0.00113678,0.007436752,0.01279163,0.02070093,0.0224123,0.02587366,0.03661346
848,-0.000914574,0.009129047,0.01509523,0.02304554,0.02332926,0.0280838,0.03857231
849,-0.000401974,0.007874489,0.01624155,0.02035189,0.02360678,0.0261054,0.03658199
850,-0.001839161,0.005646706,0.01516104,0.02063084,0.02194405,0.02445984,0.03684092
851,0.002254009,0.008289337,0.01646662,0.0217247,0.02356291,0.027565,0.03975105
852,-0.002150059,0.002160549,0.00980854,0.01759386,0.01871729,0.02381039,0.03243303
853,-0.001158237,0.005152225,0.01229239,0.01856613,0.02142477,0.02524757,0.03480339
854,-0.000937462,0.0102458,0.01791286,0.02521229,0.02680445,0.02665234,0.03803396
855,9.30E-05,0.007862091,0.01491642,0.0211916,0.02339268,0.02606726,0.03747797
856,-0.00050354,0.006398201,0.01418114,0.02064466,0.02202463,0.02623224,0.03716516
857,-0.000452995,0.009066105,0.01585102,0.02156115,0.02395964,0.02622747,0.03704596
858,-0.00061512,0.006819725,0.01501989,0.02143526,0.02272987,0.0266366,0.03722954
859,0.000293255,0.004874706,0.0139637,0.02008152,0.02128077,0.02474928,0.03649759
860,-0.000770569,0.008791447,0.01672268,0.02387094,0.02449942,0.02622652,0.03752089
861,-0.002353191,0.005531311,0.0141468,0.01938248,0.02206469,0.02481556,0.0360961
862,-0.000236988,0.008051395,0.01498652,0.01992321,0.02232027,0.02637577,0.03699541
863,-0.001757622,0.005582333,0.01071405,0.01780319,0.020401,0.02412653,0.0331645
864,3.24E-05,0.01144266,0.01904535,0.02595425,0.02526474,0.02881002,0.0395155
865,0.000118733,0.006821632,0.01362038,0.01831436,0.02171707,0.02644396,0.03423977
866,0.000471115,0.006134987,0.01137733,0.01944971,0.02213001,0.0256319,0.0372262
867,0.000397205,0.006648064,0.01268578,0.02054167,0.02160168,0.02436829,0.03406572
868,-0.000470161,0.009457111,0.01831865,0.02411127,0.02554178,0.02758789,0.04039717
869,-0.003174305,0.003911972,0.01141405,0.01979017,0.01974821,0.02189112,0.03697634
870,0.002076626,0.006350517,0.01608515,0.02022314,0.02311087,0.02597332,0.03826189
871,-0.00176239,0.007365704,0.0149622,0.02232409,0.02355051,0.02496719,0.03737879
872,-0.001243114,0.005749702,0.01262569,0.0208478,0.02195787,0.0246315,0.03512859
873,0.000625134,0.004684448,0.01246214,0.01850033,0.0203495,0.02412128,0.03622437
874,0.000975609,0.008001804,0.01431322,0.02358675,0.02332687,0.02864075,0.03813362
875,0.000549316,0.00858736,0.01863766,0.02158642,0.0234108,0.02512836,0.03696346
876,0.002121449,0.01018286,0.01663971,0.02465487,0.02670336,0.02852154,0.03874969
877,-0.000371456,0.005714417,0.01324272,0.01836061,0.01912451,0.02413416,0.03509617
878,0.000806809,0.008534908,0.01598406,0.02042246,0.02276516,0.02596617,0.03493357
879,0.000102997,0.009385586,0.01420641,0.02047825,0.02181005,0.02465391,0.03414917
880,-0.000672817,0.005982876,0.01482487,0.02067327,0.02209949,0.02769375,0.03624964
881,-0.000743866,0.01029396,0.01707268,0.02236128,0.02466393,0.02624369,0.03719378
882,0.000721455,0.005692482,0.01430798,0.02319193,0.02507687,0.02676582,0.03747702
883,-0.00083065,0.005372047,0.01415253,0.01831532,0.02224636,0.02275372,0.03499699
884,0.000864506,0.009875298,0.01794529,0.02496529,0.02674389,0.02609921,0.03911591
885,-0.001754284,0.004125118,0.01220989,0.01696253,0.0203042,0.02421379,0.03596544
886,-0.001863003,0.008850098,0.0168314,0.02208185,0.02230597,0.02438879,0.03487062
887,0.000793934,0.007111549,0.01605892,0.01932907,0.02279615,0.02365112,0.03553343
888,-0.001029491,0.008111,0.01357174,0.01912069,0.02205324,0.02287674,0.03382063
889,-0.000164509,0.009100437,0.01468945,0.02185297,0.02262878,0.02553797,0.03659439
890,0.001433372,0.008756161,0.01513052,0.02072382,0.02142334,0.02530718,0.03628922
891,0.001821041,0.005298615,0.01225138,0.01640463,0.01973724,0.02054024,0.03092146
892,-0.00071764,0.010355,0.01960897,0.02389193,0.02474022,0.02805138,0.03754282
893,-0.000939369,0.008829594,0.01464891,0.01856613,0.02207136,0.02454472,0.03543043
894,-0.001105785,0.007090569,0.01133537,0.02070236,0.02276897,0.02437305,0.03657007
895,0.00130415,0.006652355,0.01333904,0.01934624,0.02288103,0.02551842,0.03550529
896,-0.000630856,0.006450653,0.01672173,0.01964951,0.0234704,0.0230484,0.03578711
897,0.000273705,0.008009911,0.01510048,0.02181673,0.02072954,0.02507353,0.03496361
898,-0.003196239,0.005917549,0.01354933,0.02047443,0.01882935,0.02382708,0.0346632
899,0.004460812,0.009316444,0.01545572,0.02329731,0.02413845,0.02328825,0.03743315
900,0.000676155,0.007133484,0.0115571,0.01950741,0.02028847,0.02556276,0.03577375
901,0.001293182,0.007288933,0.01619291,0.02133369,0.02475357,0.02573109,0.0372076
902,-0.002613068,0.01016188,0.01792526,0.02271748,0.02219248,0.02135754,0.03773022
903,-0.00011158,0.005686283,0.01263332,0.01948118,0.02127075,0.02398348,0.03450823
904,-0.001305103,0.01072598,0.01147175,0.01708317,0.02155924,0.02598286,0.03185081
905,-0.002705574,0.004664898,0.01711321,0.01719618,0.02311897,0.02206421,0.03422451
906,0.001462936,0.009073257,0.01732922,0.0223217,0.0274272,0.02716589,0.03674459
907,0.005039692,0.00757885,0.0167861,0.02648735,0.02777815,0.02627897,0.03928471
908,0.000154495,0.007702351,0.01716995,0.02153444,0.02335358,0.02464581,0.03453588
909,0.004025459,0.01024723,0.01618195,0.02157021,0.0258441,0.02494478,0.03564835
910,-0.001621246,0.00948143,0.01332188,0.01903725,0.0217514,0.02412081,0.03354073
911,-0.000559807,0.008426666,0.01371098,0.01935434,0.02083015,0.02150869,0.03519154
912,-0.00222826,0.006162643,0.01141834,0.01857567,0.01998138,0.02360392,0.03438616
913,0.001088619,0.00911665,0.01796579,0.02167845,0.02599716,0.02608585,0.03673649
914,-0.004247665,0.001068115,0.0108037,0.01520157,0.01852942,0.02076244,0.03095484
915,0.000998497,0.008034706,0.01480961,0.01786423,0.01920319,0.02427626,0.03413057
916,0.002510548,0.009207726,0.01568127,0.02064085,0.02283907,0.0262289,0.03611517
917,-0.000447273,0.01032066,0.01477861,0.02266216,0.02277374,0.02414799,0.03332615
918,-0.000978947,0.007911205,0.01608419,0.02251577,0.02471161,0.0225172,0.03518152
919,-0.00123167,0.00881958,0.01447487,0.01787949,0.01908875,0.02486229,0.03434277
920,0.003400326,0.009971619,0.02008009,0.02757454,0.02728653,0.02720022,0.03900385
921,0.000427723,0.008945942,0.01460171,0.02188015,0.02435017,0.02552938,0.03565121
922,0.000184536,0.007697582,0.01525879,0.02066708,0.02617216,0.02561283,0.03589392
923,-0.001198769,0.009098053,0.01818752,0.02165556,0.02193785,0.02570581,0.03575134
924,0.00119257,0.01091909,0.01379871,0.02403212,0.02479029,0.02770042,0.03595161
925,-0.001283646,0.01335335,0.01907921,0.02156115,0.02897787,0.02760029,0.03460979
926,-0.000157833,0.006926537,0.0153656,0.02095604,0.02130699,0.0238862,0.03641701
927,-0.004570961,0.006494522,0.01277304,0.01838017,0.02060223,0.02289391,0.0341363
928,-0.000376701,0.009418011,0.01817656,0.02394581,0.02649689,0.02559948,0.03957367
929,0.000156403,0.008458614,0.01136732,0.0177083,0.02115154,0.025424,0.03561735
930,0.001311302,0.008067608,0.01682234,0.02507353,0.02373886,0.02378321,0.03835011
931,-0.001626968,0.004294872,0.01243448,0.01572132,0.01859236,0.02278709,0.0316391
932,-0.001574516,0.00735569,0.01549721,0.02259445,0.02494383,0.0258522,0.03618813
933,0.000291348,0.01120186,0.01584768,0.0216527,0.02603054,0.02828217,0.03476191
934,-0.0053792,0.003119469,0.008994579,0.019526,0.01659727,0.02111578,0.0303936
935,-0.001371861,0.01266766,0.0158968,0.02050591,0.0238452,0.02714777,0.03375149
936,-0.001750469,0.006406307,0.01219559,0.01770544,0.02023029,0.02450418,0.03524971
937,-0.001214504,0.005435467,0.01097488,0.01672411,0.02223825,0.02491236,0.0331645
938,0.00252676,0.0101757,0.01825905,0.02283955,0.02670574,0.02496481,0.03739071
939,0.000387192,0.009747505,0.0154748,0.01947355,0.0246377,0.02843952,0.03401375
940,0.001741886,0.01166677,0.02340031,0.02172184,0.02508116,0.03024721,0.0446496
941,-0.000348091,0.01053047,0.01278734,0.01613665,0.01850033,0.02089405,0.03338003
942,-0.00540781,0.008618355,0.01663065,0.02094269,0.02178431,0.02361441,0.03295469
943,0.004614353,0.01926184,0.02070045,0.02404928,0.02699327,0.02656698,0.04195642
944,0.000675678,0.008497238,0.02234697,0.02014875,0.03043604,0.02575111,0.03449059
945,-8.01E-05,0.01141405,0.01699829,0.01901913,0.01689625,0.02085924,0.03687859
946,-0.003115177,0.01253271,0.02099895,0.02250147,0.02371216,0.02201986,0.03775501
947,0.002799034,0.01178169,0.01602077,0.02176523,0.02733231,0.02531385,0.04037857
948,0.001128674,0.00911808,0.01828194,0.0211401,0.02677631,0.03098869,0.0338378
949,-0.004032612,0.01036024,0.01376247,0.01846409,0.01873016,0.02163839,0.03432989
950,0.00232029,0.01253414,0.01707363,0.02767372,0.02991915,0.02780104,0.03669643
951,0.005427361,0.008002758,0.02143955,0.01993608,0.01884413,0.02299452,0.03965521
952,0.002390862,0.01216984,0.01757765,0.02933741,0.02418613,0.02924395,0.04579353
953,0.004899025,0.02036095,0.02084589,0.02900028,0.0270853,0.03476,0.04744005
954,-0.00764513,0.00648737,0.01197386,0.00971365,0.01399708,0.01624441,0.03282833
955,0.005500793,0.01066303,0.01366043,0.01669359,0.02433348,0.03608418,0.04107952
956,-0.004686832,0.000412941,0.01715231,0.01833153,0.01748037,0.03044891,0.02562618
957,-0.005123138,0.0132761,0.02609062,0.02342176,0.03087997,0.03384066,0.04094982
958,0.002233982,0.007282257,0.02196121,0.01357794,0.01819801,0.02654314,0.03421068
959,-0.002688408,0.001606464,0.01775074,0.01942444,0.02320576,0.02400923,0.0319829
960,0.007128239,0.0132761,0.02296686,0.02163982,0.0257988,0.02930117,0.04191589
961,0.01085758,0.01009226,0.02829552,0.01878691,0.02770233,0.03132772,0.03623009
962,0.001074791,0.004544258,0.01412868,0.01389694,0.007649422,0.0183897,0.03476477
963,-0.001722336,0.02169037,0.01283836,0.02190542,0.02616167,0.02666903,0.05027914
964,0.01338768,0.01477003,0.03129148,0.01784086,0.01727533,0.03234577,0.03319454
965,0.001891136,0.002702713,0.01632643,0.02087641,0.03083754,0.01652193,0.03233767
966,0.003982544,0.006649494,0.01866817,0.02123451,0.01132202,0.01950359,0.03450966
967,0.006454945,0.01795864,0.01911497,0.02941656,0.03527164,0.02472115,0.03662491
968,0.009770393,0.01185036,0.02564144,0.03543472,0.02511835,0.03706026,0.04042578
969,-0.02209044,-0.007726669,0.003559113,0.01619196,0.007099152,0.008183479,0.02709389
970,0.004621029,0.007112503,0.03494263,0.01749229,0.02758932,0.02106953,0.05065393
971,-0.005648136,0.003475189,0.0139389,0.01045036,0.01265907,0.02165794,0.01482058
972,-0.01173449,0.004877567,0.01050663,0.001828194,0.02037048,0.00830555,0.01664495
973,0.004406929,0.008580685,0.01287222,0.02325583,0.03319597,0.02340603,0.03863668
974,-0.004237175,0.01296473,0.01296473,0.02632856,0.01296473,0.03087616,0.03087616
975,-0.002306461,0.007544994,0.01105833,0.01603079,0.01956606,0.01501608,0.02720785
976,0.006389141,0.00526762,0.01087618,0.01459885,0.02342606,0.02415991,0.02383184
977,0.01336813,0.01596975,0.02099133,0.024189,0.02027559,0.02822876,0.03580952
978,-0.01855564,0.01439142,0.007172585,0.005029678,-0.0100069,0.01660061,0.006957054
979,0.02005005,0.01265764,0.01478195,0.02427006,0.03056383,0.02042627,0.02456713
980,-0.01171541,-0.005997658,0.01257992,0.00289011,0.011796,0.01328135,0.01186562
981,0.001878738,0.0154953,0.02208185,0.02067232,0.01379442,0.02169847,0.03362846
982,0.000657082,0.01455879,0.02141714,0.01882362,0.01127386,0.02648067,0.01714373
983,-0.0105958,0.001123905,0.01133204,0.01148319,0.01132774,0.004974842,0.03269005
984,-0.004623413,-0.003796577,0.005497456,-0.004705429,-0.005239487,0.01083517,0.008326054
985,0.00014782,0.01331043,0.006371498,0.01256943,0.01754761,0.009944439,0.01291084
986,0.001365662,0.02879333,0.02135038,0.03691196,0.02352476,0.02754784,0.03524256
987,-0.007532597,-0.00579834,0.02976656,0.000596523,0.02344751,0.00227499,0.02716446
988,0.01776218,0.006247044,-0.005632401,0.02437067,0.03632689,0.02443838,0.02409077
989,-3.48E-05,0.01762009,0.03276253,0.02438927,0.02457428,0.03355742,0.03977156
990,0.01524925,0.008102417,0.0110755,0.009690762,0.005325317,0.01305628,0.01769114
991,0.004705429,0.01074648,0.02609396,0.01870537,0.02084208,0.03575182,0.03176451
992,-0.007239819,0.0126543,-0.005577087,0.02817869,-0.004606247,0.006779194,0.02778435
993,0.01423216,0.0255723,0.02724123,0.008149624,0.01008415,0.02835703,0.0347681
994,0.006466866,0.02266836,0.006622314,0.0409174,0.03075838,0.02342224,0.05461407
995,-0.005273819,0.0211997,0.003149986,0.009589195,0.009851933,0.003340721,0.01513481
996,0.008510113,0.01192045,0.03937912,0.04058313,0.02449465,0.02399397,0.02099657
997,0.03603601,0.0142808,0.01452494,0.000451565,0.02873993,0.03629208,0.03613997
998,-0.005015373,-0.01708364,0.001423359,0.01056147,0.007220268,-0.008827686,0.01473999
999,-0.003617764,0.01171017,0.02057171,-0.007892609,0.009685516,0.01231241,0.01264906
1000,0.000770092,0.02215528,0.01578808,0.02278996,0.02873993,0.02078533,0.008102894
1001,-0.000819683,0.01408243,0.02859831,0.00936842,0.01813507,0.0150423,0.01475477
1002,0.006809711,0.01328897,0.02777052,0.02852488,0.005980968,0.03175402,0.02141905
1003,-0.009972572,-0.009230614,0.002458572,-0.01212645,-0.00252676,0.0101881,0.01625156
1004,0.02159166,0.01156998,0.03276014,0.01818371,0.04006386,0.01842356,0.05654955
1005,0.002559662,0.000441551,0.004138947,0.01711845,-0.008177757,0.008773327,-0.006382465
1006,0.03230858,0.02387238,0.01555824,0.00780201,0.007539749,0.007750034,0.007078171
1007,-0.01766443,-0.001956463,0.01723719,0.03064966,0.000310898,0.00301218,0.04678488
1008,0.0329318,0.01356745,0.03216314,0.02051401,0.003901482,0.02874947,0.03587055
1009,-0.03591156,-0.02177429,-0.02246189,-0.04339981,-0.01871634,-0.01899099,-0.03046322
1010,-0.04692602,-0.03683996,0.01070786,0.01385593,0.005550861,0.005294323,-0.007791042
1011,0.00287962,-0.000864029,0.02163219,-0.01042509,0.0290637,-0.00293541,0.0325942
1012,0.007882595,-0.008272171,-0.01093721,-0.002544403,0.01815319,0.02040577,-0.01836443
1013,-0.01263332,0.01076698,0.01727343,0.004249573,0.005195618,0.0411191,0.02779436
1014,-0.009595394,3.62E-05,-0.002836704,-0.01616001,-0.01201105,-0.007174969,-0.003346443
1015,-0.02970123,0.001103401,-0.04794741,0.000577927,-0.02843571,-0.009621143,0.001459122
1016,0.000992775,0.03251982,0.02284193,0.01722908,0.02346754,0.007811069,0.03527689
1017,0.0179019,-0.01365089,-0.003729343,0.04024315,-0.01601267,0.008891582,0.01646471
1018,-0.03901672,-0.02197838,-0.001280308,-0.02452898,0.000729084,-0.02549362,-0.01523495
1019,0.007823944,0.01827765,0.01008654,0.008016586,0.01808023,0.01743221,0.02791834
1020,-0.02335358,-0.005924702,-0.0229764,-0.005124092,0.01066446,0.005793571,0.00946331
1021,0.0217371,0.00429678,0.0322094,0.02879381,-0.01605844,0.008060455,0.05136871
1022,0.008425713,-0.03100014,-0.01692724,-0.0122261,-0.01442385,-0.01410627,-0.007946014
1023,-0.01581144,0.01502466,0.01377153,-0.01039219,-0.02621698,0.007573605,-0.007020473
1024,0.03147173,0.02015686,0.01880074,0.05701113,0.01309538,-0.002112389,0.02012539
1025,-0.02903938,-0.001770973,0.01516438,0.0204792,-0.001999378,0.01279068,-0.03631687
1026,-0.02869368,-0.01628256,-0.001653194,-0.01895428,-0.01612568,0.0591774,-0.04373837
1027,-0.02919674,0.01363707,-0.003892422,0.009028435,0.02011442,-0.006518841,-0.01479101
1028,0.03706074,0.000258446,0.01179457,0.01084709,0.04860449,0.02492476,0.02522659
1029,-0.02497721,0.008119583,0.02177334,-0.01296568,-0.005521297,-0.006904125,-0.001779556
1030,-0.01033831,-0.01827526,-0.005381584,-0.02977037,-0.03942013,-0.01810074,-0.009894371
1031,0.04231834,-0.002293587,0.02660036,0.0417695,0.04947138,0.01114178,0.01645422
1032,-0.01220036,2.48E-05,0.000581741,0.000670433,0.01402235,-0.02436066,0.000396252
1033,-0.001215935,3.00E-05,-0.001580715,-0.005703449,0.004772186,-0.001140594,-0.02071571
1034,-0.03401947,-0.03501987,-0.04132271,-0.03268433,0.000481606,0.009960175,-0.04468584
1035,0.006727219,-0.03281593,0.005646706,0.000826359,-0.003623486,-0.004243374,0.006041527
1036,-0.01404524,-0.04294777,-0.02996397,-0.01509905,-0.01443481,-0.01528263,-0.02669334
1037,0.007563114,0.0117979,0.04931355,0.009140015,0.01452923,0.02685499,0.04603863
1038,-0.02764606,-0.02034807,-0.05178785,0.01782608,-0.003437519,-0.02840805,-0.02654123
1039,-0.02200508,-0.01242876,-0.01393938,-0.03121567,-0.04692507,-0.00821352,-0.02559328
1040,-0.002846718,0.002883911,0.00133276,-0.002957344,0.001744747,-0.01392221,-0.04120636
1041,0.007730961,-0.07118845,-0.03267717,-0.064466,-0.08220196,-0.01888895,-0.06472492
1042,0.06683588,0.05247545,0.05415821,0.03477716,0.03261805,0.03266239,0.01953316
1043,-0.007360935,-0.03994989,-0.0255127,-0.04485035,-0.0573082,-0.02718115,-0.02352428
1044,-0.06025839,0.01917076,0.04841709,0.000138283,-0.02866507,-0.04073572,-0.003382683
1045,-0.03265524,0.00227499,-0.0201335,-0.03347111,0.02181482,-0.03257799,-0.01548386
1046,0.0476613,0.08183241,0.06569481,0.0332408,0.03083229,0.07491922,0.03235245
1047,0.05918837,-0.009158134,0.04713774,0.02801275,0.008982658,0.009706974,-0.04035473
1048,-0.0557909,-0.02198219,0.007573128,-0.05787659,-0.03010082,-0.07595587,-0.05838966
1049,0.001448154,0.003957748,-0.01888895,-0.05419207,-0.09281683,-0.03602934,-0.06189251
1050,-0.0114851,0.02775621,0.009966373,0.06920195,0.02940655,0.01513815,-0.03189135
1051,-0.006278992,-0.03737068,-0.02995634,0.01178837,0.006926537,-0.07314968,-0.05304098
1052,0.01909399,-0.04308224,0.03192091,-0.005235195,0.03483057,-0.006920815,-0.0605278
1053,-0.02624798,0.001838207,-0.05089045,0.002830982,-0.02473354,-0.02387094,-0.07407761
1054,0.01269007,0.004407883,-0.02188969,0.0514164,0.05255318,0.06622076,0.006706238
1055,-0.008824348,-0.06691694,-0.07711601,-0.03477669,-0.106739,-0.1223388,-0.06694841
1056,0.04170465,0.09034443,0.09567213,0.08995533,-0.000171661,0.08328295,0.08260489
1057,-0.09746218,-0.1763673,-0.1520042,-0.1755042,-0.1508069,-0.2236814,-0.1765223
1058,-0.05763149,0.03098917,0.01594305,0.07234859,0.02459908,-0.006592751,0.03441477
1059,0.0231204,0.06531477,0.04294443,0.02584648,0.07812405,0.1218972,-0.04610062
1060,-0.04539394,-0.07973766,-0.01535845,-0.07402277,-0.01873446,-0.02955723,-0.0850215
1061,0,-0.06214809,0,-0.06214809,-0.03218508,-0.09017706,-0.09017706
1062,-0.02348089,-0.02215767,-0.01895332,-0.01920557,-0.02367592,-0.08213902,-0.1016574
1063,0.05692816,-0.01376629,0.05622387,-0.02710009,-0.05975342,-0.03923941,-0.1041007
1064,0.03616571,0.007401943,0.03484344,-0.01854801,-0.07300568,-0.02462769,-0.02781773
1065,0.02632856,0.08432055,0,0.02632856,0.02632856,0.1512675,0
1066,0.06046963,-0.02694607,-0.02095795,-0.008770943,0.03084469,-0.06765509,0.05760288
1067,0.003367424,0.0204401,-0.04994202,-0.07761335,0.01482105,-0.00515461,-0.007205486
1068,0.007556915,-0.1471834,0.004299641,0.000542164,-0.1894159,-0.06873989,-0.1973419
1069,0.07771635,0.1773453,0.1222959,-0.002181053,0.000469208,0.07739544,0.0790329
1070,0.02741146,-0.0264039,-0.06184483,-0.10146,-0.1312866,-0.1009865,-0.1657934
1071,0.04592848,0.004361153,0.1909251,-0.01507854,0.1586866,0.1003203,0.09219265
1072,-0.158833,-0.1385379,-0.1877055,-0.2374172,-0.2061443,-0.2664323,-0.3287215
1073,0.1544123,0.09490967,-0.03871012,-0.03508234,-0.03905296,0.04638004,-0.1112604
1074,-0.1348147,-0.1326184,-0.09096241,-0.009607792,-0.1054268,-0.1861534,-0.2661142
1075,-0.1451716,-0.1153407,-0.03529835,-0.1115179,-0.06775856,-0.108705,-0.2051015
1076,-0.2317562,-0.1757317,-0.128376,-0.07836151,-0.1896071,-0.2453504,-0.1902976
1077,-0.1058421,-0.002867222,-0.0766058,-0.1154613,-0.2285295,-0.0790925,-0.1731439
1078,0.07636642,-0.05519247,0.1628065,0.003227234,0.01545286,-0.09847164,-0.02647305
1079,-0.04529476,0.03121996,0.07881689,-0.01103592,-0.01601648,-0.08932543,-0.09540892
1080,-0.04825783,-0.0739789,-0.02381611,-0.0951314,-0.08801031,0.04878092,-0.1081386
1081,0.244873,0.1613617,-0.03914595,-0.009988308,-0.05118847,-0.01797628,0.09910679
1082,-0.05118036,-0.09963226,0.161881,-0.1006227,-0.07426214,-0.1185651,-0.1473627
1083,-0.03902721,0.004976273,-0.1258688,-0.01464033,-0.2148538,-0.1569109,-0.09234095
1084,0.07901907,0.05382156,0.1356573,-0.05290318,0.05569935,-0.01766443,-0.1509452
1085,-0.2089515,-0.1020293,-0.2640634,-0.2527285,-0.2926149,-0.07853937,-0.2421584
1086,0.2148337,0.02572298,-0.04986763,-0.1040883,0.06887245,0.1275001,-0.1741829
1087,-0.02334404,-0.07784319,-0.05531073,-0.003031254,-0.1272144,-0.06449413,-0.039639
1088,-0.06647062,-0.08271265,-0.1594076,-0.2448554,-0.1491871,-0.233223,-0.1308889
1089,-0.001227856,-0.1411247,-0.02831316,-0.2297273,-0.08869696,-0.2903304,-0.1873608
1090,-0.1072855,-0.1005855,-0.1155028,-0.2552924,-0.1592064,-0.1214056,-0.1790609
1091,0.2576694,-0.08803225,-0.07465887,-0.3391199,-0.3723092,-0.1196818,-0.1311779
1092,0.009949207,-0.2043986,-0.0762248,-0.163384,-0.1046386,-0.2426386,-0.179544
1093,0.2069488,0.4966326,0.05202293,0.4848495,0.3070607,0.3003421,-0.008953571
1094,-0.1866231,-0.3105359,-0.3147073,-0.4900084,-0.5575027,-0.3838944,-0.5250139
1095,0.212111,0.06445313,0.03612804,-0.2097321,-0.1242008,-0.1230545,-0.0621357
1096,0.008535862,0.005239964,-0.001658916,-0.172163,-0.5399194,-0.4748683,-0.5391083
1097,-0.09241819,0.05406952,0.5789485,0.1314325,-0.08948851,-0.01443863,0.07199621
1098,-0.0472784,-0.01444197,-0.02298737,-0.04660559,-0.195446,-0.09954309,-0.2613902
1099,-0.05281591,-0.006661892,0.09619188,-0.1939673,0.09902477,0.06605434,-0.09180069
1100,0.1197333,-0.05316687,-0.1936288,0.009293556,-0.06589365,-0.1930003,-0.1388464
