Wavelength (nm),H2O_2ml,vel_2,vel_4,vel_6,vel_8,vel_12,vel_16,vel_20,vel_28,vel_36
200,-0.042462256,4.05550909,3.946978569,4.111871719,4.10137701,4.144299507,4.262499809,4.334398746,4.233616829,4.471914768
201,-0.035378359,4.087805748,3.97420311,4.007780552,4.243122101,4.072419167,4.410301685,4.3206954,4.261403084,4.336480141
202,-0.03221754,4.098610878,4.000769138,4.141740799,4.099743366,4.096576691,4.178515911,4.277900219,4.399460793,4.324323177
203,-0.027715234,3.98914361,4.042865276,4.131690979,4.291627884,4.215257168,4.357025623,4.322390079,4.409424305,4.447883606
204,-0.024941087,4.196366787,3.998403072,4.180602074,4.015295029,4.166961193,4.318754673,4.310828686,4.264741421,4.521229267
205,-0.023854047,4.181137562,3.934596539,4.105239868,4.11163187,4.16153717,4.285037041,4.216135502,4.277092934,4.226693153
206,-0.023066264,4.108673096,4.03929472,4.184402466,4.139483929,4.286301613,4.416198254,4.62958622,4.688264847,4.420910835
207,-0.021350974,4.28894043,4.066841602,4.456071377,4.452340126,4.363413334,4.685318947,4.53412199,4.631762505,4.959558964
208,-0.022777742,4.132256508,4.110298157,4.184650898,4.094685555,4.32879591,4.523519039,4.293330669,4.610265255,4.405741692
209,-0.021157721,4.124111176,4.039021492,4.061202049,4.144948006,4.210149288,4.418324471,4.272325039,4.481654644,4.468668461
210,-0.020480659,4.122641563,3.916120291,4.181505203,4.136841774,4.341932774,4.503597736,4.464130402,4.314954281,4.426327229
211,-0.021771152,4.029548168,3.97482872,4.093965054,4.085593224,4.350008488,4.336123943,4.234203815,4.453131676,4.40578413
212,-0.02098594,3.919171572,4.003062725,4.101081848,4.093025208,4.081471443,4.358799934,4.443377018,4.35482645,4.524566174
213,-0.01916175,3.851418972,3.959403276,4.062615395,3.994206429,4.177218914,4.412220001,4.494917393,4.294528484,4.513725281
214,-0.018261567,3.759926558,3.885127544,4.167628765,4.032195568,4.228867531,4.295700073,4.334454536,4.226752758,4.66534853
215,-0.018139783,3.69857502,3.789264441,4.043777466,4.040627956,4.235948563,4.211346626,4.343605042,4.285513401,4.339731693
216,-0.017721891,3.607605219,3.726745129,4.003669739,4.066449642,4.151521683,4.151032925,4.298517704,4.288016319,4.279697895
217,-0.015611601,3.470887661,3.66637516,3.828944683,3.941381693,4.057209015,4.148200035,4.207748413,4.226177216,4.329132557
218,-0.016723776,3.307794333,3.578313351,3.735926867,3.774563551,3.973903179,4.113657475,4.171506405,4.248378754,4.448586941
219,-0.014454708,3.114781141,3.472496033,3.670821667,3.736013651,3.873696089,3.973109722,4.212744713,4.097112179,4.256706715
220,-0.014032654,2.779811621,3.383584499,3.504062414,3.612641335,3.870854855,3.911543369,4.043493271,4.102471352,4.232134819
221,-0.012982401,2.349425554,3.251801729,3.433899164,3.527898788,3.731560707,3.795871496,3.98517108,4.038882732,4.151536942
222,-0.012919889,1.927727342,3.036798239,3.28873682,3.426966429,3.580564976,3.740541697,3.840343714,3.917915106,4.216027737
223,-0.011249338,1.542973876,2.678990602,3.180033445,3.327503443,3.50288558,3.618299961,3.750481606,3.814163208,4.029268742
224,-0.009365865,1.214384556,2.210680008,2.898035049,3.174678802,3.424828529,3.497413635,3.637423515,3.754665136,3.85367465
225,-0.009378177,0.938099086,1.759788275,2.434585094,2.890771151,3.272707462,3.414220095,3.524681091,3.639020443,3.806826115
226,-0.007788108,0.720492303,1.372925878,1.951140285,2.450595856,3.052454948,3.248842239,3.400118828,3.494978189,3.632820129
227,-0.006660839,0.545586765,1.052591324,1.516842842,1.941817999,2.642257214,3.059712648,3.246544361,3.384854317,3.537766933
228,-0.005337524,0.409555137,0.795699894,1.159976482,1.502255917,2.12265563,2.623532057,2.982687473,3.273137331,3.414533615
229,-0.004826442,0.303426296,0.594087958,0.87264055,1.140343904,1.642624497,2.097000837,2.479733229,2.994555712,3.26610589
230,-0.00442321,0.222710893,0.44129476,0.652764559,0.858054698,1.248065829,1.617584944,1.962329388,2.523978949,2.930682182
231,-0.004149873,0.163422659,0.324855506,0.484025925,0.638851464,0.937474906,1.225097775,1.497965336,1.994259357,2.421261787
232,-0.003627328,0.118661992,0.237405896,0.355237216,0.47228843,0.697324872,0.916158736,1.136061788,1.523754239,1.894003272
233,-0.003236496,0.08690764,0.173938021,0.261273682,0.348191053,0.517891228,0.682839572,0.845927954,1.147284508,1.442837477
234,-0.001972116,0.063147493,0.127408221,0.191717774,0.256435186,0.3817994,0.50866425,0.63222903,0.863998175,1.092445612
235,-0.002415472,0.046502996,0.093471147,0.141654655,0.188467935,0.284226358,0.379829347,0.472597063,0.649824143,0.826519072
236,-0.00331506,0.033118777,0.069076344,0.105019048,0.140046254,0.211140364,0.283479422,0.35564357,0.489803523,0.627637804
237,-0.00325073,0.023795344,0.051658191,0.078745037,0.106879816,0.159721285,0.215211764,0.270016253,0.373593539,0.478589356
238,-0.001908669,0.019284774,0.040950403,0.061738867,0.083090171,0.125680193,0.168089077,0.210633203,0.292821795,0.375094146
239,-0.001874957,0.015024579,0.031878266,0.048423149,0.06497021,0.098885581,0.133985728,0.166885316,0.232370094,0.298165441
240,-0.001086678,0.013287608,0.026539311,0.040168568,0.053525683,0.081173643,0.109952331,0.137286305,0.190804184,0.245277926
241,-0.001166046,0.009981801,0.022241851,0.034047537,0.045690492,0.068321772,0.093202889,0.11647848,0.162560269,0.207163006
242,-0.001439718,0.009459881,0.019519756,0.029878583,0.041049972,0.06013184,0.081446096,0.102677345,0.142203867,0.181686476
243,-0.00058039,0.008937821,0.018324103,0.02755351,0.037010074,0.055196758,0.075497024,0.093376234,0.128377169,0.165238649
244,-0.001491058,0.007187603,0.016730512,0.025113868,0.033945862,0.050861485,0.069910765,0.08662568,0.119357735,0.153653175
245,-0.002324695,0.006845236,0.015404247,0.023647986,0.031872194,0.048330233,0.066089369,0.08165364,0.114770047,0.145169228
246,-0.001032192,0.005996849,0.015678119,0.023786321,0.032386769,0.047767069,0.065219179,0.081003979,0.111664414,0.142335847
247,-0.001118024,0.00668459,0.015975848,0.023582032,0.031179242,0.048185825,0.06471739,0.080580324,0.111560784,0.141927704
248,-0.001240649,0.007600359,0.015515674,0.024120174,0.03126711,0.04857884,0.065629579,0.081574455,0.112154804,0.143400863
249,-0.000477954,0.007794023,0.01604721,0.024733376,0.03318122,0.050022438,0.067635477,0.08431337,0.115921892,0.146616608
250,-0.001280192,0.006815942,0.016453395,0.024859639,0.033944689,0.051589653,0.069667302,0.086100578,0.119482189,0.150918543
251,-0.000989011,0.00754499,0.016580017,0.026530229,0.035316337,0.05431838,0.072424732,0.089244969,0.123951674,0.157685027
252,-0.000875461,0.008678307,0.017861759,0.027287899,0.037046295,0.05481521,0.075329594,0.092919245,0.128647804,0.163961113
253,-0.000580596,0.00852828,0.018352699,0.028449453,0.038564749,0.05849481,0.078844197,0.097168006,0.134061739,0.170654148
254,-0.002282158,0.009154871,0.019159226,0.029629311,0.03993012,0.060939465,0.08200217,0.100880109,0.139846191,0.177963331
255,-0.00080529,0.009978993,0.021042848,0.032022368,0.042894796,0.063995965,0.085957058,0.107302159,0.147838309,0.186679959
256,-0.000929243,0.010011442,0.022072086,0.032981653,0.044175133,0.066696376,0.090404741,0.111790098,0.154292852,0.195270211
257,-0.00083521,0.012049933,0.023589002,0.035186857,0.046666361,0.070211902,0.094566576,0.117698923,0.161901847,0.204831243
258,-0.000806324,0.011484562,0.023803931,0.035598874,0.048321728,0.073058061,0.098445974,0.122319467,0.168435231,0.21374023
259,-0.001406847,0.011433266,0.024227975,0.036792312,0.050115395,0.076070733,0.102755919,0.12695156,0.175819218,0.222836584
260,-0.001780252,0.012213881,0.024984926,0.038774088,0.052319974,0.079969577,0.106560662,0.132362977,0.182447672,0.23194094
261,-0.000437046,0.012973311,0.027609505,0.041175779,0.055930849,0.082971111,0.112055689,0.139348254,0.19073683,0.242051914
262,-0.000993712,0.013265189,0.028208541,0.043120183,0.056968689,0.086372286,0.115679942,0.143281817,0.197047159,0.249142796
263,-0.002155138,0.012984966,0.02815802,0.042658903,0.057576403,0.086378068,0.116597474,0.145148292,0.201448545,0.255285114
264,-0.001262847,0.014725304,0.029581146,0.043375861,0.060368616,0.08984822,0.12095058,0.150003597,0.206906617,0.261446625
265,-0.000344457,0.014940606,0.030016115,0.045963544,0.060902089,0.092341147,0.122455791,0.153415367,0.209761247,0.266232222
266,-0.001688001,0.01396401,0.029415136,0.044411708,0.060245603,0.091186546,0.123067975,0.152969375,0.210270464,0.267447829
267,-0.000266647,0.014441784,0.029564576,0.045534451,0.061180111,0.092760473,0.124637842,0.154755145,0.213486999,0.270303428
268,-0.00061901,0.014575504,0.029391259,0.045738176,0.061215933,0.093255922,0.124604076,0.155168816,0.214875385,0.272674918
269,-0.000853088,0.014072715,0.029985106,0.046078749,0.061789598,0.094414406,0.126073062,0.156012192,0.215599433,0.274513751
270,-0.001463196,0.015464704,0.029789109,0.046827652,0.062579893,0.093837656,0.126551002,0.156520814,0.215937227,0.275082707
271,-0.001261763,0.014098653,0.030770253,0.046450734,0.062606953,0.094993375,0.126745492,0.1568169,0.21687682,0.274994731
272,-0.000747047,0.015435923,0.031022685,0.046907958,0.063033119,0.093468256,0.125427529,0.156709984,0.216962993,0.275152206
273,-0.001616414,0.015096616,0.030145006,0.046356887,0.062047973,0.09196192,0.125128955,0.153371632,0.213552177,0.271406233
274,-0.000150682,0.013156045,0.029438017,0.045331627,0.060430344,0.090506442,0.122208528,0.151019216,0.209462732,0.265327305
275,-0.000331783,0.014415104,0.028761715,0.043890856,0.058988947,0.0886565,0.118126109,0.147033051,0.203022644,0.258728564
276,0.000228193,0.014575316,0.029558064,0.042740326,0.057476871,0.086545073,0.11490196,0.142777875,0.197972685,0.252738833
277,-0.001087608,0.011600996,0.02620879,0.040847898,0.054667749,0.082274832,0.109719791,0.136467934,0.189291954,0.241146743
278,-0.000746014,0.012175944,0.026954385,0.039455038,0.052941535,0.078842461,0.107027009,0.131782472,0.182508156,0.23252289
279,-4.74E-05,0.012599066,0.025977196,0.038265917,0.051208377,0.075241759,0.103260674,0.127105579,0.175159916,0.223609999
280,-0.000724875,0.011481824,0.023551069,0.037406191,0.048554957,0.073413737,0.098517165,0.121624067,0.169635311,0.215200424
281,0.000986132,0.012623476,0.024406992,0.035760913,0.049610123,0.070832536,0.09643545,0.11999201,0.165639997,0.209739015
282,-0.001371652,0.011800709,0.023199575,0.034372676,0.04585683,0.069765449,0.094204083,0.116075628,0.159357116,0.204086512
283,0.000283544,0.011362153,0.02323674,0.033693966,0.046743292,0.06883505,0.092040204,0.114765257,0.158180013,0.20215705
284,-0.000284445,0.010626118,0.022574846,0.032869257,0.04465808,0.067381285,0.091731228,0.113375269,0.156688362,0.200010613
285,-0.000163517,0.011292354,0.022022983,0.034637693,0.045625243,0.068908639,0.091800012,0.113526233,0.156078443,0.20023492
286,6.52E-05,0.01229299,0.022389878,0.035231743,0.045674589,0.069073007,0.092779994,0.114661291,0.157749534,0.200607568
287,-0.000461043,0.010561847,0.023269786,0.035158336,0.046795417,0.069255471,0.092031024,0.115726538,0.159343183,0.202934578
288,0.000919614,0.012517185,0.02350341,0.035726737,0.04742898,0.071220063,0.095178165,0.117569611,0.16160509,0.205578834
289,-0.000927797,0.010824348,0.02309637,0.036142081,0.047746092,0.071195759,0.094442554,0.118804187,0.16325742,0.208502665
290,0.001521028,0.013797503,0.02598173,0.038486708,0.048536401,0.074290603,0.098375,0.121371947,0.168170095,0.213845849
291,0.000655487,0.013015373,0.025412597,0.038169865,0.048453189,0.073967785,0.09901949,0.123414658,0.170336068,0.21643509
292,-2.47E-05,0.011402943,0.023637954,0.03701571,0.049535144,0.074013762,0.099718407,0.123521015,0.171462849,0.218169317
293,-0.000280772,0.013595669,0.024967076,0.038280815,0.050146889,0.075422123,0.102112934,0.125215188,0.173873916,0.222107798
294,-0.000989476,0.012472507,0.025323406,0.0384675,0.050346449,0.076089449,0.102229729,0.126993865,0.175397188,0.22396405
295,0.000183052,0.01312152,0.024978317,0.038393829,0.051550299,0.077138789,0.102976725,0.128968358,0.177180409,0.225452215
296,-0.000731542,0.013532774,0.025163131,0.037976328,0.051092271,0.077148028,0.102390885,0.127116293,0.17603533,0.226409495
297,0.000475915,0.013052638,0.025879867,0.037563909,0.051007167,0.076638058,0.102211975,0.127476051,0.174879298,0.225148365
298,-0.001180709,0.012368356,0.024527244,0.037362009,0.051312804,0.076120235,0.101190962,0.12708661,0.174068436,0.221783549
299,0.000548818,0.014782963,0.025152324,0.039251037,0.051037766,0.07606823,0.100200087,0.124600589,0.171860918,0.220600709
300,0.001587326,0.014105204,0.024994358,0.038542461,0.0507272,0.075209163,0.099142708,0.122426279,0.169027776,0.217330322
301,0.001291661,0.013831174,0.024578961,0.037300993,0.049554382,0.072750047,0.097938314,0.119755492,0.165965959,0.213056043
302,0.000389059,0.01100002,0.023570308,0.03481539,0.046253588,0.07074213,0.093906611,0.116896272,0.161823794,0.207202002
303,0.000595164,0.012773592,0.023039317,0.034262523,0.045051072,0.068405978,0.090641394,0.113072269,0.156756923,0.200718626
304,-0.0008133,0.009968319,0.021811111,0.031517241,0.042811912,0.065283224,0.087634325,0.108642563,0.151679128,0.193791688
305,0.000414399,0.010122262,0.021261251,0.032656103,0.042809255,0.063427016,0.08521919,0.105151832,0.145338878,0.187316671
306,-0.000207401,0.010387068,0.020221563,0.030674567,0.040197872,0.060484882,0.07961832,0.10005822,0.139162794,0.178126574
307,0.001859559,0.011187583,0.018854683,0.028752644,0.038295206,0.056537699,0.075492777,0.094505429,0.130080149,0.168422103
308,0.000102262,0.009658028,0.017433345,0.02809497,0.036038622,0.052781437,0.070563369,0.088042758,0.122817516,0.157792822
309,-0.001098298,0.008383398,0.015411139,0.025275471,0.032296136,0.047039684,0.063297354,0.080345824,0.10915298,0.141419634
310,-0.000568549,0.005827912,0.013774229,0.022158539,0.028648855,0.041418042,0.057728406,0.071821399,0.098181896,0.127619699
311,-0.001760401,0.005004787,0.011703128,0.018375382,0.025128651,0.03686839,0.050778147,0.062084526,0.086865902,0.112904951
312,0.001399915,0.004637291,0.011425692,0.017243335,0.022555403,0.032098729,0.044886164,0.055143587,0.076496363,0.099533983
313,3.36E-05,0.004686953,0.009620499,0.014089855,0.017645221,0.026930148,0.035985779,0.047206972,0.06496501,0.085884213
314,-0.000215628,0.002317635,0.007731646,0.010271807,0.014837923,0.021918831,0.030352185,0.039956458,0.054119945,0.074073166
315,0.000230291,0.003479724,0.005603654,0.00975891,0.012626861,0.01898382,0.025906244,0.033012208,0.045176063,0.061294146
316,-0.000612651,0.002602202,0.005841843,0.009140304,0.011023358,0.015988069,0.02200844,0.026389726,0.038644139,0.051276479
317,0.001151665,0.004023633,0.005265023,0.007155417,0.009520178,0.014943981,0.017992003,0.02323278,0.032176722,0.043175131
318,-0.001189745,0.000679598,0.00165896,0.004604352,0.007071504,0.008749008,0.013542414,0.016288618,0.025067739,0.03385647
319,-0.000819449,0.001120546,0.002830307,0.003699728,0.004363023,0.006335107,0.011550192,0.014059935,0.020099623,0.026858654
320,0.000533164,4.02E-05,0.002798964,0.003669131,0.002917914,0.005062792,0.008451597,0.010200089,0.015247348,0.02206732
321,0.000818768,0.002749569,0.003773331,0.004526056,0.004738897,0.006841292,0.008090166,0.009837096,0.013669019,0.019068796
322,0.000952119,0.001454169,0.001763095,0.002099917,0.002780545,0.004334863,0.005892141,0.007679949,0.009495439,0.014694403
323,0.000259584,0.002007638,0.000682035,0.001742666,0.001615931,0.003384647,0.004281164,0.004433941,0.007925211,0.010977187
324,-0.000288688,0.001249759,0.000517665,0.001849395,0.002392227,0.001968267,0.003439462,0.003893723,0.004676774,0.009235698
325,0.000742837,0.001485545,0.001953471,0.004270524,0.002566292,0.001953263,0.003562111,0.006448277,0.007466952,0.009117648
326,0.000505407,0.002260671,0.001660286,0.001909191,0.001255315,0.001194129,0.00154659,0.002699556,0.004150837,0.007146286
327,0.001708491,0.000741282,0.002516689,0.000856168,0.001902691,0.002179961,0.003039294,0.003693592,0.004591402,0.00714726
328,0.002711981,0.001767669,0.003226188,0.002367527,0.003671089,0.002783905,0.002625457,0.002894721,0.003992778,0.00623289
329,0.001145592,0.000124892,-0.000615598,0.000816615,-0.000220389,-0.000322678,0.002495939,0.001032757,0.002045296,0.002435568
330,0.000143277,-0.000278858,-0.000278392,-0.001069584,-0.001060443,-0.000279944,-0.000737693,0.001714026,0.000334938,0.001761951
331,0.00199903,0.000592001,0.000748024,0.001223825,0.00172372,0.000742293,0.001171962,0.003174346,0.002985207,0.003437271
332,0.000747349,0.001526405,0.000293983,0.001524639,0.000893778,0.000578159,0.000721627,0.00268299,0.004087073,0.004280275
333,-0.000738365,0.00136922,0.000342503,0.000572742,0.001979032,0.001369947,0.001041086,0.002634208,0.002231554,0.003359029
334,0.001059795,0.000335767,0.000763141,0.002026024,-8.46E-05,0.00095339,0.00119226,0.000550762,0.000583058,0.002119452
335,0.000753287,0.001813469,-0.000125736,0.000462259,4.76E-05,0.000827378,0.003116514,6.14E-05,0.001215544,0.001894631
336,-0.001352247,0.000440647,0.00043207,0.000673739,0.00153425,0.000895282,0.001181047,0.001249967,0.001259365,0.001429781
337,0.001373297,-0.000484987,0.001460246,0.00095339,0.001582311,0.000685924,0.00076602,0.001222605,0.001986183,0.001473129
338,0.002214486,0.002687236,0.000553069,0.00179886,0.003039008,0.002978847,0.002546997,0.002912675,0.002812616,0.002198485
339,0.00034714,0.001631781,0.000590083,0.001301216,0.000255388,0.00114406,0.001867254,0.001489571,0.001406537,0.002140184
340,-0.002781272,-0.001668661,-0.001329795,8.58E-05,-0.001708474,-0.00116935,-0.000393082,-0.000375236,-1.63E-05,-0.000246934
341,0.000968386,0.001523859,0.000458527,0.001848485,0.000371752,0.001151354,0.000706537,0.00205159,0.00280764,0.001575011
342,0.000440621,0.001648489,0.001747319,-0.000723169,0.001527003,0.002157145,0.001798211,0.001017604,-1.76E-05,0.001207082
343,-0.000690296,-0.000387961,-0.001272294,0.000888824,-0.001132328,0.000394137,-0.000196327,0.000647632,0.000850306,-0.000134224
344,0.000232337,0.001365117,0.001011221,0.001184369,-0.00204823,-0.001291651,-0.000208487,0.000941483,0.001083773,0.000256709
345,0.001364052,0.001444793,0.001626117,0.000441269,0.001410355,-0.000512602,0.00145248,0.000822114,0.00067042,0.000467312
346,-5.82E-05,0.001334425,0.001820981,-0.000104101,0.00220871,0.001219101,0.001547343,0.001156026,-0.000267372,0.000353746
347,0.000454381,-0.000181578,0.000412844,0.000926099,0.001293349,0.002139196,0.001469233,0.002006494,0.001218426,0.002205614
348,0.000822918,0.004542431,0.001677956,0.00139898,0.000957178,0.003010438,0.004064184,0.003781399,0.001915015,0.001836241
349,0.000570383,-0.00054947,-0.001703317,0.000353591,-0.000473972,0.003753538,-0.002576487,0.003114298,-0.001268938,-0.002017982
350,0.004653016,0.000797969,0.004481591,0.005243066,0.003091459,0.004516038,-0.001114306,0.00279714,0.005345784,0.006744608
351,-0.001069946,-0.004081923,-0.005086408,-0.000800329,-0.00133155,-0.005035542,-0.004708564,-0.001637046,-0.004072075,-0.002942254
352,-0.000326196,0.003447577,0.000352788,0.000403309,0.003593614,-0.000528735,-0.000807771,0.002511014,0.002958779,0.001613333
353,0.001846847,0.002334343,0.001813755,0.004287464,0.00348536,0.000132427,0.000947709,0.003977652,0.002389234,-3.26E-05
354,0.001060236,0.00237307,0.001565243,0.001566074,0.001993595,0.000609317,0.001314068,0.000401677,-0.001340427,-0.000580545
355,0.002459205,0.002681557,0.002122339,0.004624157,0.001431573,0.001922997,0.002572984,0.005511991,0.002576343,0.003393334
356,0.000979412,0.001984025,0.001558098,0.002498126,0.003112394,0.002936234,0.001143645,0.002613425,0.001734324,0.000446711
357,6.61E-05,-0.002866605,-0.001114306,5.04E-05,-0.000787358,-0.000841152,-0.000530132,-0.00058799,0.0010223,-0.000404151
358,0.002778148,0.004106802,0.000282974,0.00170228,0.001993101,0.001501702,0.002532754,0.001966238,0.00305444,0.001726189
359,0.002014711,0.004408496,0.004331569,0.003829736,0.005567679,0.00277002,0.004585411,0.005350239,0.003580668,0.003056786
360,0.00168175,0.00017404,-8.55E-05,-0.000533751,0.001721199,0.000200326,-4.78E-05,0.000783628,0.00015076,0.000363565
361,0.002764601,0.002445928,0.003213305,0.002235275,0.002505494,0.002170595,0.001613957,0.003269377,0.003685238,0.002113521
362,0.002819573,0.00368563,0.00118276,0.004194902,0.003103791,0.002181548,0.003360255,0.004079077,0.003210776,0.002721618
363,0.001699213,0.0028813,0.001622037,0.00053941,0.00065712,0.000616601,0.000729924,0.001721355,0.000746105,0.001784772
364,0.000105757,0.000902779,-0.001175856,-0.000325782,-0.000242587,-0.000937406,8.48E-05,0.000584899,-0.001101913,-0.001771486
365,0.001076688,0.001908671,0.00068875,0.000795375,0.00036227,0.000458242,0.000314706,0.001002607,0.000941275,0.00053065
366,0.002438171,0.003309753,0.002488962,0.002149185,0.002194973,0.001877186,0.002906994,0.002452358,0.002916923,0.001763927
367,0.000541095,0.000834952,0.001222839,0.000603433,0.000284606,0.000521864,0.000438367,0.002158992,-0.00091297,3.11E-06
368,0.001506013,0.001363741,0.000696191,0.001555656,0.000632337,0.000305199,0.000926826,0.002258928,0.001281796,0.000889316
369,0.002368385,0.004076648,0.002681766,0.001761873,0.001990318,0.002095495,0.002438379,0.002164768,0.003071176,0.002485629
370,0.001705762,0.001695887,0.000790189,0.002711225,0.001929861,0.001089638,0.001234261,0.00143391,0.001752075,0.001086679
371,0.002537207,0.003899443,0.002292079,0.002334213,0.00179873,0.001629027,0.002499141,0.002762855,0.002143306,0.001674864
372,0.002206967,0.002265095,0.001259365,0.002606837,0.002063658,0.00099254,0.001083202,0.002105665,0.001634457,0.00207505
373,0.002257236,0.002601707,0.001310797,0.000318851,0.002982184,0.001634146,0.000984134,0.001941796,0.002469592,0.000965558
374,0.002728235,0.00287562,0.001863667,0.001916081,0.00228396,0.002162453,0.002901366,0.002971576,0.001120443,0.003098915
375,0.001465181,0.001622375,0.001551967,0.00090916,0.001422379,0.000904932,0.000829324,0.001501156,-0.000737383,0.001724812
376,0.002122391,0.002558819,0.001674526,0.001366909,0.003155103,0.001504429,0.001828832,0.002403003,0.001703449,0.001643915
377,0.002087639,0.001889405,0.002010836,0.001109205,0.001047547,0.000890276,0.002023944,0.002990993,0.002119712,0.00094649
378,0.001408589,0.001954979,0.001333853,0.001130071,0.001280835,0.000367425,0.001374258,0.002442232,0.001082683,0.000876425
379,0.001588001,0.002781821,0.001165966,0.001481493,0.001489857,0.001012596,0.001924583,0.002336321,0.001555189,0.000783628
380,0.000117512,0.002352483,0.000941924,0.000851265,0.000476097,0.001059458,0.000767213,0.002151682,4.81E-06,0.000466094
381,0.002223228,0.002837759,0.002061239,0.002074998,0.003351281,0.002119321,0.003620081,0.002648897,0.002558011,0.002413363
382,0.001584364,0.003105329,0.001479337,0.002486983,0.002198199,0.001453441,0.001550746,0.00272774,0.001439079,0.001766968
383,0.00186858,0.002264444,0.000976325,0.001745447,0.001908852,0.001396357,0.000927007,0.002565537,0.002388766,0.001241789
384,0.001175622,0.002362555,0.001804137,0.001917927,0.0015203,0.001416847,0.001730451,0.00179439,0.000905088,0.001735779
385,0.001201916,0.002764314,0.001076118,0.001687675,0.001522197,0.001443312,0.002034191,0.003026808,0.00211711,0.001716833
386,0.002090214,0.00276619,0.00174971,0.002277845,0.001740977,0.001423885,0.001524691,0.00209963,0.001837566,0.002146115
387,0.001613333,0.003176641,0.001937505,0.001533731,0.001414562,0.002104078,0.001305033,0.002263299,0.00105938,0.00131869
388,0.002264522,0.002879476,0.002381217,0.00234405,0.002619363,0.002874655,0.002245735,0.002905483,0.001515703,0.00247368
389,0.002338741,0.003252946,0.001865825,0.001788879,0.002286016,0.002104547,0.001540017,0.002580614,0.000343332,0.002015231
390,0.001747968,0.002118385,0.000776833,0.001126853,0.001432975,0.001743758,0.001408459,0.002471389,0.000997366,0.000894634
391,0.002479381,0.002568635,0.001317469,0.001724266,0.001501182,0.001782173,0.001701344,0.002754128,0.001880253,0.001774817
392,0.002004309,0.002945148,0.001383087,0.001622011,0.001993725,0.00200834,0.001893149,0.00272352,0.001331543,0.001823295
393,0.002272693,0.003079076,0.001119924,0.001723564,0.002478626,0.001329595,0.001756103,0.002428279,0.002131053,0.001588625
394,0.001630144,0.002966624,0.000975961,0.001681334,0.002339548,0.001352523,0.001577245,0.002267046,0.001485285,0.001030448
395,0.001576232,0.002693695,0.001167731,0.001802967,0.001147045,0.001055695,0.001490169,0.001775545,0.001256405,0.001355951
396,0.001600758,0.002935661,0.00179127,0.001849888,0.002347304,0.002094818,0.002040562,0.00316608,0.001899675,0.001535757
397,0.001485597,0.003256728,0.002285964,0.002135658,0.002336763,0.002186413,0.002238319,0.003196616,0.002309021,0.002204677
398,0.001009768,0.002068912,0.001268399,0.001654647,0.001251966,0.000729146,0.000992151,0.001573738,0.001507884,0.001043266
399,0.001900247,0.003066432,0.001797795,0.001670914,0.002187376,0.000996951,0.001779366,0.001838346,0.001424639,0.001408277
400,0.001277564,0.002465063,0.001206199,0.001719718,0.001926195,0.001315808,0.001240647,0.00299764,0.001735077,0.001597302
401,0.001811571,0.00264486,0.001947958,0.002090474,0.001942238,0.001749502,0.001636822,0.003027173,0.001644305,0.002012241
402,0.00216495,0.002433433,0.001708127,0.00181651,0.002269778,0.001703969,0.001465986,0.001992424,0.00104612,0.001232028
403,0.00257275,0.003031891,0.001765278,0.001473441,0.001893357,0.001718886,0.001577895,0.002634338,0.001111567,0.002316516
404,0.001711817,0.003103947,0.001295452,0.001856674,0.002805399,0.001675071,0.001548616,0.002341083,0.001974559,0.001053593
405,0.002001214,0.001812507,0.001708517,0.001425626,0.002035959,0.000821802,0.000914582,0.002201555,0.001899987,0.001640979
406,0.002554678,0.003075817,0.001968813,0.002574104,0.002139482,0.001796157,0.002008496,0.002313913,0.001886051,0.001740145
407,0.002248519,0.002654262,0.001933787,0.001687415,0.001829716,0.001536121,0.001353224,0.002223748,0.001161087,0.001578155
408,0.001213753,0.002148821,0.001411497,0.00187794,0.00157379,0.001583091,0.001348057,0.001690533,0.000749942,0.001128047
409,0.001941406,0.001994193,0.001556747,0.00091357,0.001984831,0.001088055,0.001444974,0.002257184,0.000906955,0.000992955
410,0.001364338,0.002032214,0.000839387,0.001023312,0.001373375,0.001054631,0.001499649,0.002098538,0.000500949,0.001272968
411,0.001438507,0.003157841,0.001661845,0.001544901,0.002500079,0.002300095,0.001523963,0.002039782,0.001674188,0.001378413
412,0.001642954,0.002277845,0.002257757,0.002143748,0.001979006,0.001655478,0.001658779,0.002546034,0.001779496,0.001139181
413,0.002567177,0.003020135,0.002417867,0.002077833,0.002430648,0.002214434,0.002017858,0.003084394,0.002043605,0.002278912
414,0.001775051,0.002856129,0.00174316,0.002184826,0.002238944,0.001849681,0.001762159,0.002318389,0.001543758,0.001143386
415,0.00197885,0.002639052,0.001753972,0.002036115,0.001972947,0.001669874,0.002069926,0.002810349,0.001319183,0.001100096
416,0.001937505,0.003281401,0.00250716,0.001986027,0.002358651,0.001648541,0.002359666,0.002973661,0.001636328,0.001373661
417,0.001708829,0.003008509,0.001248149,0.001559215,0.001751529,0.001181384,0.001785292,0.002585952,0.001457363,0.001676838
418,0.002033384,0.003079884,0.00203315,0.001550564,0.001617932,0.001901677,0.001697056,0.002383586,0.001184473,0.001042721
419,0.002149705,0.003896074,0.002077443,0.002086833,0.002212483,0.002085194,0.002149211,0.002251199,0.001926949,0.001854568
420,0.002235587,0.004191949,0.001651997,0.001724396,0.002005505,0.001522197,0.00152282,0.003089373,0.001846301,0.001804137
421,0.002099917,0.002467588,0.002142265,0.002104547,0.002259422,0.001857064,0.001831327,0.002385954,0.001951963,0.00202527
422,0.001700435,0.002136542,0.00106771,0.001588729,0.001716547,0.001214402,0.001091454,0.002996884,0.001240543,0.001306772
423,0.002298117,0.002953905,0.001645474,0.002324063,0.002481333,0.001559423,0.001433962,0.002597488,0.001772218,0.002133186
424,0.002286224,0.00291033,0.001737728,0.002213888,0.003042735,0.001789763,0.002464724,0.002606941,0.001976978,0.001691157
425,0.002371821,0.002827285,0.001824621,0.001823113,0.002312222,0.00183741,0.002380488,0.002255701,0.001442299,0.001951443
426,0.002262388,0.00249974,0.001630326,0.001858649,0.002092373,0.001655297,0.001461103,0.002259604,0.001396175,0.001723382
427,0.001773284,0.0024786,0.001442118,0.001333828,0.002059653,0.001237662,0.001474298,0.002190758,0.000772684,0.001118886
428,0.002427368,0.002963079,0.002248571,0.001829378,0.002394414,0.001785084,0.002145517,0.002946008,0.001594237,0.002129389
429,0.00240722,0.003118808,0.001547161,0.002332989,0.002250289,0.001890081,0.00215085,0.002581161,0.001666704,0.001868476
430,0.001876432,0.002847712,0.002027169,0.001704203,0.002057182,0.001502922,0.001477311,0.002374684,0.001130642,0.00157909
431,0.00260879,0.003002019,0.001725331,0.00197989,0.002159097,0.002384913,0.002101347,0.002626968,0.001744044,0.001244593
432,0.00250867,0.002976476,0.002149055,0.002200957,0.002651032,0.001755869,0.00226637,0.002790653,0.001915899,0.00229273
433,0.002026987,0.002695779,0.001498195,0.001670004,0.002228796,0.001599797,0.00146835,0.002388219,0.001566931,0.001659896
434,0.001829664,0.002905301,0.001170716,0.001556669,0.001628741,0.001493078,0.001626948,0.002390093,0.001808972,0.001722758
435,0.002326171,0.003209081,0.001295686,0.00173318,0.001633236,0.001675279,0.001922477,0.001915015,0.001692275,0.001871128
436,0.002169295,0.003184516,0.001593275,0.001420951,0.001992633,0.001512481,0.001647995,0.002800996,0.001471077,0.001569815
437,0.001461857,0.002560772,0.001372518,0.001405446,0.001573868,0.001284002,0.001415211,0.001903158,0.00079758,0.001020147
438,0.002089642,0.002856285,0.002039834,0.002349542,0.00223655,0.002141068,0.002062019,0.002412192,0.001607357,0.001795013
439,0.001670706,0.002790418,0.001672083,0.001970035,0.002263403,0.001928457,0.002158862,0.002744438,0.001530925,0.001879162
440,0.002444523,0.003305736,0.001399993,0.002069042,0.002113391,0.002047689,0.001642148,0.002884844,0.002086859,0.00150752
441,0.001849577,0.002809516,0.001323571,0.002087691,0.001942212,0.001850824,0.001413056,0.002392748,0.001461,0.001677514
442,0.002350687,0.002894408,0.001834889,0.002070811,0.00214073,0.001799718,0.001684998,0.002248571,0.001794909,0.001769385
443,0.002021863,0.003032517,0.001974924,0.002116954,0.001826856,0.001862419,0.001703449,0.002224009,0.00165592,0.001951599
444,0.002472638,0.002865587,0.001748436,0.001453675,0.002077443,0.001561891,0.001518248,0.002069718,0.001536718,0.001336891
445,0.002011382,0.002915334,0.001499312,0.001850772,0.001715612,0.00126653,0.001499468,0.002506249,0.00119117,0.001287352
446,0.001979734,0.003375072,0.001301372,0.002058872,0.001904251,0.001951729,0.002049769,0.002860037,0.001909581,0.002005063
447,0.001687311,0.003247365,0.001338917,0.001952639,0.00185371,0.001868918,0.001710934,0.002770332,0.00167424,0.002048027
448,0.002536686,0.003038434,0.001517599,0.001788281,0.002253697,0.001528483,0.001366104,0.002642958,0.00154129,0.001755999
449,0.001838736,0.002514815,0.001188938,0.001625311,0.001527704,0.000746779,0.001587767,0.002266187,0.001264531,0.00101628
450,0.001456324,0.00322731,0.001580389,0.001686428,0.001905213,0.001666262,0.001574933,0.002358599,0.001559059,0.001719692
451,0.00177383,0.002454441,0.001396565,0.001212274,0.001609124,0.001268477,0.001564125,0.002691715,0.001340708,0.001136715
452,0.002104729,0.003032491,0.001975912,0.001586754,0.002395871,0.001848355,0.001895489,0.0024723,0.001536926,0.001706776
453,0.002171454,0.002958309,0.002050628,0.001552279,0.00183112,0.001693392,0.001637861,0.002217504,0.00160572,0.001894709
454,0.00156119,0.002717008,0.001412926,0.001599095,0.002044464,0.001221385,0.001142425,0.001885609,0.001250045,0.00141838
455,0.001410017,0.002382493,0.001329829,0.001394202,0.00134598,0.00111642,0.001237843,0.002190498,0.00111315,0.001044148
456,0.001894813,0.002969282,0.002134383,0.001994245,0.002325546,0.002362581,0.002721697,0.00232552,0.001617646,0.001284677
457,0.002262466,0.002981741,0.001954849,0.002092659,0.002012735,0.001861847,0.001894605,0.002313107,0.001707633,0.001668159
458,0.002507915,0.003477114,0.00211646,0.001966446,0.002368724,0.002027663,0.002465375,0.002551345,0.002133707,0.002060095
459,0.002142265,0.003777979,0.001805411,0.001952015,0.002449261,0.00196421,0.00208574,0.002809021,0.001859949,0.001893227
460,0.002099006,0.003354724,0.00182028,0.001948244,0.002491721,0.001823945,0.002021421,0.002374216,0.001880955,0.001585325
461,0.002130429,0.002999934,0.00147087,0.001832237,0.002027767,0.001739106,0.001825609,0.002644703,0.001447,0.001524691
462,0.001967642,0.002849328,0.001632145,0.001781809,0.002073776,0.0016745,0.001986912,0.002451708,0.00155802,0.001277434
463,0.002000356,0.003129524,0.001704515,0.001785448,0.00214713,0.001910725,0.00194437,0.00278823,0.001660623,0.001368623
464,0.002281514,0.003279497,0.001918473,0.002184592,0.002567281,0.001788489,0.001759456,0.002541451,0.001943824,0.001541316
465,0.002447855,0.003372959,0.001944552,0.001931525,0.002133551,0.001968709,0.002121767,0.003054753,0.001541186,0.001767877
466,0.002577306,0.003316979,0.001970399,0.002147468,0.002209543,0.001815263,0.001941666,0.002570119,0.001684167,0.001990994
467,0.001755116,0.003154086,0.001627104,0.00187482,0.001927963,0.001419393,0.001802708,0.002545591,0.001273436,0.001491571
468,0.001757845,0.003001993,0.001692197,0.001669095,0.002179727,0.001606318,0.001687987,0.002658064,0.001507442,0.002059133
469,0.002229447,0.003115367,0.001996377,0.002016896,0.002167395,0.001896451,0.002176735,0.002392488,0.001355873,0.001878538
470,0.002201659,0.003452535,0.002576265,0.002183109,0.00249797,0.001679073,0.001852046,0.003241184,0.001655426,0.001949232
471,0.001635003,0.003040311,0.001528197,0.001608371,0.002217608,0.00150326,0.001534068,0.001808842,0.001345798,0.001543083
472,0.001931421,0.003134061,0.001786462,0.001667094,0.002271053,0.001407031,0.001738456,0.00221204,0.001046976,0.00181976
473,0.001454818,0.002701718,0.00128839,0.001348394,0.001698979,0.001246696,0.001355691,0.001965848,0.001375712,0.001112683
474,0.001784824,0.00311448,0.001760626,0.001789815,0.001927235,0.001869256,0.001744044,0.002281722,0.00154594,0.001458013
475,0.002230097,0.00321547,0.002115055,0.001761769,0.002491461,0.001859689,0.002306965,0.002137297,0.002014685,0.001731673
476,0.001885687,0.002776116,0.001655998,0.002040589,0.002111622,0.001877966,0.001161762,0.002521558,0.001418691,0.001320533
477,0.002461808,0.003431009,0.002001188,0.002078432,0.002298039,0.002054139,0.002077937,0.002885939,0.001792284,0.001999602
478,0.002013333,0.002904597,0.001408381,0.001776091,0.002069822,0.001647995,0.001718522,0.002150954,0.001548408,0.001437157
479,0.002234104,0.003390595,0.002058586,0.002151917,0.002313939,0.002216333,0.002345326,0.002967979,0.00195009,0.002051408
480,0.002109645,0.00362551,0.002121246,0.001914,0.002305117,0.001939144,0.002101425,0.002938893,0.001866397,0.001858597
481,0.002073178,0.003095448,0.002088966,0.001909919,0.002166225,0.002070004,0.002260931,0.00275775,0.001893019,0.001685778
482,0.001732608,0.002616551,0.001634275,0.00185358,0.002039236,0.001821891,0.001762653,0.002375127,0.001589664,0.001443624
483,0.00162713,0.002676531,0.001810558,0.001485701,0.001889899,0.001597926,0.001404122,0.002072007,0.001490974,0.001424145
484,0.00194866,0.002913223,0.001822983,0.001726839,0.002389338,0.001674916,0.001747137,0.002322215,0.001431183,0.001800576
485,0.001625155,0.002855712,0.001538537,0.001930147,0.001964912,0.001678865,0.002150121,0.001919331,0.001378127,0.001681672
486,0.002270689,0.00316509,0.002069172,0.001579453,0.002370364,0.00185462,0.001971517,0.002278444,0.001895177,0.001848303
487,0.001564671,0.002641214,0.001756207,0.001730581,0.002199864,0.001485597,0.001646774,0.002585249,0.001600342,0.001505572
488,0.002311337,0.002962792,0.002244798,0.001950428,0.002408209,0.001834889,0.002220236,0.002800683,0.00187716,0.001797145
489,0.001935035,0.002968761,0.001180813,0.00157127,0.001967564,0.001474662,0.001391735,0.002292158,0.00126762,0.001595484
490,0.002177489,0.002983304,0.001856258,0.001870296,0.002186777,0.001425158,0.001726215,0.002436739,0.002104989,0.001862757
491,0.001836761,0.002690439,0.001521703,0.0019127,0.001787138,0.001646618,0.001703085,0.002137947,0.0014383,0.001779184
492,0.001793532,0.002965503,0.001817966,0.001473649,0.002014243,0.001731829,0.001704333,0.002185971,0.001508299,0.00155111
493,0.002109567,0.002727193,0.001667146,0.001714364,0.002195103,0.001735987,0.001593327,0.001895697,0.001319521,0.001566827
494,0.001934099,0.002737977,0.00158917,0.001810168,0.00217827,0.001777312,0.001501494,0.002403706,0.001208977,0.001542329
495,0.002123327,0.003275898,0.001878538,0.002150147,0.002539238,0.002156651,0.001610735,0.002421016,0.001630456,0.001856622
496,0.002020771,0.003199954,0.001880773,0.00173921,0.002437442,0.002106159,0.001810194,0.002624494,0.001582701,0.001887221
497,0.001658103,0.003168297,0.001677722,0.001902197,0.001988316,0.001827896,0.001898713,0.00231917,0.001808036,0.001564411
498,0.001590547,0.003040702,0.001669069,0.00155563,0.002003373,0.001853476,0.001788125,0.002446683,0.001416744,0.001626558
499,0.002064542,0.003112081,0.001988966,0.001683933,0.002182927,0.002107434,0.002295488,0.002921901,0.00174997,0.001715767
500,0.001559345,0.002884505,0.001483545,0.002066753,0.002443299,0.001480428,0.001234494,0.002282399,0.001435521,0.001534926
501,0.001952925,0.003109474,0.001883945,0.00177188,0.002107434,0.001970971,0.001827012,0.002153555,0.001848537,0.001911219
502,0.001175388,0.002603191,0.001449104,0.001646514,0.001873754,0.001359976,0.001830678,0.002251382,0.001325103,0.001449883
503,0.001842558,0.002591577,0.001446585,0.001564048,0.001874872,0.001439338,0.001329621,0.002472482,0.001356184,0.001394981
504,0.001907111,0.002795317,0.00180814,0.001414069,0.002269024,0.001873026,0.001830002,0.002820589,0.001685908,0.001616659
505,0.001737338,0.002973296,0.001565294,0.001401967,0.002106627,0.001905472,0.001707191,0.002669498,0.001793064,0.001418613
506,0.00157101,0.002658455,0.001751243,0.00181807,0.002053541,0.00193904,0.001841986,0.002258485,0.001609254,0.001212585
507,0.001937661,0.002799615,0.001966654,0.002174654,0.00197794,0.001927885,0.002154934,0.002443117,0.001736169,0.0015316
508,0.001964912,0.003043074,0.001539732,0.001931213,0.00216404,0.001713299,0.001950584,0.002309853,0.0013754,0.001473207
509,0.001654985,0.002724953,0.001304669,0.001193921,0.001772244,0.001142944,0.001501078,0.001936361,0.001206122,0.001168666
510,0.001897491,0.002730892,0.001438352,0.001302618,0.001373115,0.001282315,0.001105338,0.001977524,0.001366,0.001140193
511,0.001751815,0.002615066,0.001751711,0.001676423,0.001160049,0.001799848,0.001487,0.001972713,0.00126492,0.001234728
512,0.0021361,0.002692341,0.002108708,0.002146974,0.002205952,0.001622739,0.001720575,0.002354123,0.001530873,0.001557267
513,0.002108084,0.002609467,0.001614866,0.002476543,0.001971855,0.001774401,0.001637263,0.002560016,0.001487026,0.001499857
514,0.001987614,0.003000038,0.001698771,0.001773128,0.002100827,0.001604369,0.001804657,0.002080773,0.001395552,0.001476558
515,0.001853762,0.002807588,0.001574985,0.001411316,0.002058404,0.001460922,0.001799406,0.001991644,0.001301969,0.001489285
516,0.00226205,0.002840677,0.001668497,0.001716573,0.002353914,0.001708439,0.001901651,0.002408261,0.001479259,0.001730139
517,0.001979552,0.002590483,0.001574673,0.001903029,0.001814041,0.001592054,0.001297269,0.001972999,0.001379945,0.001498714
518,0.001988498,0.002797531,0.001547343,0.001964262,0.002054711,0.00150739,0.001990916,0.002325494,0.001524794,0.001826414
519,0.002452853,0.003192365,0.001946866,0.002024412,0.002307225,0.001952665,0.001877758,0.002449599,0.001861145,0.002118073
520,0.00243739,0.002797505,0.001712285,0.001457207,0.002386267,0.001815679,0.001690248,0.002657647,0.001598368,0.001356418
521,0.001865149,0.00234936,0.001355068,0.001297477,0.002095833,0.001488272,0.001548694,0.00225414,0.001148576,0.001285404
522,0.002100463,0.003135495,0.002054945,0.001805437,0.002113,0.001959191,0.002004231,0.002780727,0.00175904,0.002189535
523,0.002184228,0.002593399,0.001695497,0.001692664,0.001551811,0.001630274,0.002095677,0.002190472,0.001515053,0.001813547
524,0.002321539,0.003028007,0.001799692,0.001816718,0.0020183,0.002051798,0.001871908,0.002509217,0.001269412,0.001761561
525,0.001995415,0.002706015,0.001823347,0.001880539,0.002145699,0.00182787,0.001613567,0.00212905,0.001352705,0.001463051
526,0.001890029,0.002763246,0.001421626,0.001484402,0.001901287,0.001632041,0.001603616,0.00214393,0.001099162,0.001434196
527,0.002021473,0.00291304,0.001625935,0.001909659,0.00225911,0.001621933,0.001366467,0.002501719,0.00156888,0.001238518
528,0.002262805,0.002810532,0.001944812,0.002352847,0.002494819,0.002007222,0.001993283,0.002303842,0.001471467,0.001697966
529,0.001910283,0.00261353,0.001431183,0.001878304,0.002242847,0.001800004,0.001913559,0.001800472,0.001687207,0.001602655
530,0.001868944,0.002693773,0.001638615,0.001535237,0.001745577,0.001729983,0.001421159,0.002306887,0.001235351,0.001362858
531,0.002443351,0.002658299,0.001648099,0.002266604,0.002294135,0.001560956,0.002204365,0.002854435,0.00160346,0.00177817
532,0.002126293,0.002646917,0.001568386,0.001737442,0.002412348,0.001683907,0.001821371,0.002655095,0.001373998,0.001608474
533,0.002248805,0.002700988,0.001525444,0.001877862,0.002209204,0.001488324,0.001776429,0.002580926,0.00130537,0.001423132
534,0.002093102,0.002699061,0.001442143,0.001581974,0.00224636,0.001626039,0.002031278,0.001928483,0.00167016,0.001568516
535,0.001894423,0.002900193,0.001635912,0.001588313,0.00200808,0.001611722,0.001729204,0.002589129,0.001629988,0.001565762
536,0.001674656,0.002806337,0.001475155,0.001463181,0.00218532,0.001148109,0.001570594,0.002074504,0.001388385,0.001396747
537,0.00208509,0.003861754,0.001675591,0.00200782,0.002097159,0.00158704,0.00167411,0.002413311,0.001411757,0.001841466
538,0.001810818,0.002614337,0.001425132,0.001442741,0.001940834,0.001792232,0.001786046,0.002131599,0.001467025,0.00121557
539,0.001787502,0.002130091,0.001532562,0.001846275,0.002165652,0.0018541,0.001781107,0.00246298,0.001348992,0.001607383
540,0.001863459,0.002064542,0.001785864,0.001406927,0.001986105,0.001051881,0.001557397,0.002105743,0.001017708,0.001338683
541,0.001477675,0.002245111,0.001358781,0.001851292,0.001985715,0.001280549,0.001273124,0.001970061,0.001204149,0.000969372
542,0.00184981,0.002893522,0.001824101,0.001970139,0.002233818,0.00179218,0.001728242,0.002172599,0.002038534,0.001742173
543,0.001410199,0.002405268,0.001287819,0.001366338,0.00177856,0.001361975,0.001414406,0.001730555,0.001464039,0.001184317
544,0.00209318,0.001865435,0.001843831,0.00161271,0.002118567,0.001577843,0.001591093,0.00215496,0.001158361,0.00155376
545,0.001929003,0.002837134,0.001579168,0.001524794,0.001899103,0.001299944,0.001396513,0.002066857,0.001107363,0.00120677
546,0.00206215,0.0026851,0.001292077,0.001569581,0.002027429,0.001341669,0.001712701,0.002018976,0.001462142,0.001246618
547,0.001694146,0.002664055,0.001367584,0.001962286,0.002167942,0.001411316,0.001962286,0.00219708,0.001479233,0.001369869
548,0.001573296,0.002159357,0.001211728,0.001383658,0.00196733,0.001377634,0.001209834,0.001844429,0.001294777,0.000916605
549,0.002074608,0.002302827,0.001661611,0.001634795,0.001916757,0.001344551,0.001563606,0.002277012,0.001406511,0.001143048
550,0.001947464,0.002493257,0.001471779,0.001758131,0.002108656,0.001343539,0.001473415,0.002098954,0.001510429,0.001388177
551,0.001419808,0.002014347,0.001251446,0.001192883,0.001710414,0.001238285,0.001204408,0.001976718,0.001177724,0.001121922
552,0.002110868,0.002929641,0.00168071,0.001969567,0.002300199,0.002037051,0.002096015,0.002458059,0.001153871,0.001345746
553,0.00166013,0.002158108,0.001433832,0.001155481,0.001672499,0.001286858,0.001450922,0.002034815,0.001128306,0.001028424
554,0.001682634,0.002142187,0.001384619,0.001185849,0.001847289,0.001287118,0.001425236,0.001901079,0.001271125,0.001169289
555,0.001860079,0.002424348,0.001506897,0.001533471,0.00176715,0.001427729,0.001556851,0.00225414,0.001609851,0.001349459
556,0.002012553,0.002804878,0.001468921,0.001819604,0.002053333,0.001593535,0.001632119,0.002109177,0.001327881,0.001354548
557,0.001800706,0.002678458,0.001502818,0.001465233,0.001901547,0.00146261,0.001295348,0.002084882,0.001209704,0.001077
558,0.001806633,0.002614493,0.001512897,0.001738248,0.001745993,0.001254017,0.001743186,0.0020002,0.00116158,0.001325155
559,0.001716105,0.002145361,0.001458662,0.001604811,0.001833849,0.001457545,0.001306902,0.001881163,0.001131473,0.00115208
560,0.001991904,0.00245176,0.001939118,0.002032656,0.002176735,0.001449546,0.001799224,0.002417086,0.001274059,0.001431079
561,0.001558046,0.002107928,0.001483779,0.001412225,0.001868502,0.001390384,0.001389293,0.002128504,0.000909212,0.001065348
562,0.001623726,0.002133395,0.001534874,0.001835435,0.002083451,0.001379218,0.001638537,0.001741757,0.001427054,0.00160029
563,0.001531107,0.002483104,0.001086991,0.000945322,0.001662391,0.00079828,0.001472116,0.001628143,0.001003541,0.001119872
564,0.001654803,0.002169112,0.001267724,0.00118751,0.001564437,0.001026997,0.001243996,0.001777858,0.0009447,0.001127995
565,0.001988056,0.002055673,0.001416406,0.001687935,0.001953601,0.001757871,0.001524794,0.002429424,0.001480454,0.00110648
566,0.001282445,0.001913455,0.001400876,0.001350394,0.001979396,0.001419211,0.00164207,0.002236238,0.00129675,0.000981306
567,0.001549603,0.002341057,0.001584234,0.001569217,0.002131027,0.001424691,0.00173908,0.002633713,0.00156636,0.001661481
568,0.001729022,0.002270975,0.001081905,0.001747345,0.00160915,0.001909373,0.001700902,0.002372263,0.001506299,0.001150004
569,0.001435651,0.002399229,0.000990101,0.001428586,0.001833225,0.001402564,0.001616347,0.002093336,0.001096593,0.000939693
570,0.001628169,0.002127099,0.001282159,0.001193039,0.001588079,0.001237324,0.001316639,0.001982439,0.001071005,0.001006291
571,0.001636588,0.002674655,0.00125438,0.001364156,0.002186777,0.001430067,0.001584442,0.002093726,0.001158024,0.001248357
572,0.002136698,0.002813814,0.001568412,0.001749528,0.002320732,0.001595665,0.0019419,0.002446033,0.001235974,0.001813729
573,0.001360832,0.002082437,0.001072277,0.001459311,0.001450117,0.001167108,0.001346109,0.001943642,0.000911054,0.000917331
574,0.001520015,0.001893669,0.000617742,0.001268036,0.001426431,0.000986884,0.00136639,0.001762549,0.000867658,0.001121092
575,0.002042409,0.002577567,0.00171031,0.001753842,0.002089876,0.001758547,0.001895021,0.002322163,0.001566801,0.001721537
576,0.001419289,0.002506041,0.001450559,0.001187822,0.001745083,0.001385684,0.001738352,0.001635237,0.000804348,0.00106143
577,0.001789529,0.001966056,0.001192001,0.001641603,0.001915249,0.001181592,0.001260273,0.00216508,0.000902312,0.001218062
578,0.001751399,0.002240687,0.00141838,0.001383658,0.001714884,0.001491311,0.001672967,0.002051096,0.001127268,0.00160016
579,0.001309187,0.002072085,0.001316223,0.001113124,0.001396643,0.001003956,0.001439936,0.001347356,0.001008471,0.000897513
580,0.001676813,0.002589233,0.001479779,0.001245475,0.001823009,0.000935387,0.001716703,0.002076299,0.001245034,0.00114541
581,0.001729801,0.002075388,0.001181748,0.001131992,0.001452584,0.001261649,0.001646488,0.002013645,0.000502452,0.001041891
582,0.0018795,0.002277611,0.00166964,0.001714338,0.001691105,0.001196984,0.001903445,0.002234417,0.001070668,0.00137244
583,0.001834369,0.002147936,0.001478038,0.001217933,0.001411575,0.001386567,0.001591041,0.002072891,0.000864442,0.0012333
584,0.002139456,0.002331168,0.001694432,0.001564931,0.002153764,0.001487441,0.001880851,0.002252917,0.001495675,0.001493467
585,0.002041265,0.002620353,0.001246618,0.001538666,0.001775493,0.001415211,0.001695861,0.002248233,0.001144138,0.001303812
586,0.00185566,0.001981269,0.001481363,0.001687649,0.001453026,0.00137096,0.001717509,0.002274228,0.000788866,0.001187225
587,0.001623726,0.001839282,0.001399863,0.001868684,0.001805307,0.001590443,0.002153347,0.002256195,0.001470532,0.001544901
588,0.002033488,0.002469358,0.001541446,0.001611566,0.00176728,0.001195193,0.0021963,0.002210349,0.001317781,0.001419574
589,0.002596108,0.003333647,0.002191877,0.002663586,0.002679682,0.001989538,0.002869131,0.002798938,0.002144763,0.002258953
590,0.002012423,0.002562568,0.001705268,0.001605513,0.001792128,0.001959685,0.002077261,0.002345118,0.001440429,0.001525522
591,0.001731517,0.002730449,0.001242256,0.001391397,0.001928743,0.001441962,0.001985975,0.00219094,0.001243373,0.000981877
592,0.00222903,0.003432052,0.001932695,0.001764005,0.002381269,0.00157579,0.00213545,0.002548742,0.001566074,0.001821683
593,0.001969333,0.003544312,0.001770347,0.00142843,0.001806529,0.00171912,0.002130013,0.002179155,0.001361326,0.001672993
594,0.002194869,0.002932482,0.001909659,0.001973337,0.002191929,0.001482662,0.00194749,0.002353264,0.001625987,0.001333334
595,0.001857246,0.002122651,0.001316431,0.001229043,0.001616347,0.00155137,0.001976822,0.002064542,0.000898577,0.000878811
596,0.001655037,0.002644104,0.001689806,0.001287663,0.002072007,0.001509364,0.001672759,0.002225518,0.001219542,0.001550409
597,0.001947048,0.002582124,0.001349044,0.001473831,0.001690066,0.001490039,0.002451682,0.002152515,0.001243814,0.001563736
598,0.001992164,0.002691872,0.001478194,0.001382334,0.002290726,0.001574569,0.002060433,0.002342437,0.001088678,0.001515469
599,0.001483493,0.002072553,0.00157844,0.001025232,0.001834629,0.000946386,0.001922035,0.002046882,0.000618623,0.000869914
600,0.001376517,0.001957943,0.001426119,0.001604447,0.001549655,0.001195141,0.002128816,0.001819526,0.000754143,0.001140193
601,0.001893565,0.002176917,0.001318067,0.001358314,0.001699421,0.001295504,0.001873806,0.002245943,0.001236519,0.001040334
602,0.002036219,0.002182433,0.001821137,0.001709426,0.001924661,0.001366364,0.002263663,0.002304519,0.001370492,0.001480272
603,0.001896087,0.002579468,0.001882567,0.001304799,0.002026466,0.001422197,0.002475945,0.002320341,0.001460662,0.001730737
604,0.001919279,0.002813476,0.001476194,0.001408485,0.002192553,0.001614165,0.002198173,0.002140548,0.001311498,0.001437261
605,0.001587352,0.002625405,0.001345876,0.001455312,0.001970165,0.001381607,0.002176241,0.002382831,0.001392695,0.001349329
606,0.001936049,0.002694789,0.001792024,0.001843519,0.001972583,0.001525704,0.002434188,0.002548481,0.00134842,0.001803773
607,0.001847809,0.00231256,0.001577037,0.001425444,0.001927027,0.001153871,0.002053463,0.001996013,0.001207679,0.001576726
608,0.001759716,0.002159513,0.0011363,0.001403629,0.002078458,0.001306461,0.001916133,0.002016974,0.001059432,0.001419133
609,0.001709374,0.001844793,0.001326843,0.00140955,0.001768683,0.001418328,0.002029587,0.00222224,0.001189794,0.001064829
610,0.001430768,0.002360343,0.001119301,0.001581402,0.001653997,0.001373349,0.002061551,0.002075284,0.001205083,0.001448039
611,0.001708387,0.002380749,0.001709738,0.001757819,0.001812325,0.001323389,0.001856986,0.002383013,0.001087017,0.001381737
612,0.001463233,0.001786982,0.001390904,0.00137766,0.001604161,0.001145696,0.001943772,0.002109333,0.001320066,0.001200177
613,0.001772946,0.002214018,0.001788593,0.001510144,0.001473363,0.001296101,0.002321278,0.002143904,0.000992047,0.001284496
614,0.001752855,0.00229692,0.001691183,0.001542641,0.001817836,0.00168609,0.002390041,0.002376402,0.001257521,0.001611021
615,0.001999524,0.002071565,0.001523158,0.001308486,0.002090084,0.001406667,0.002014711,0.00222518,0.000975417,0.001599199
616,0.001519235,0.002056298,0.001383632,0.001320481,0.001792102,0.00136761,0.002298325,0.002215553,0.000929576,0.001277849
617,0.002027559,0.001773985,0.001502117,0.001241789,0.001790231,0.001434014,0.002071383,0.002185398,0.001309291,0.001219438
618,0.001921801,0.002132744,0.001748462,0.001785214,0.00201596,0.001826206,0.002591551,0.002114561,0.001158829,0.001284651
619,0.001434274,0.001794909,0.001557449,0.001375322,0.001578492,0.001343902,0.002086651,0.001711168,0.000784172,0.001043136
620,0.001966654,0.002287317,0.001769619,0.001899415,0.001948686,0.001572179,0.002461418,0.002351494,0.001369609,0.001412277
621,0.001844871,0.001854438,0.001524898,0.001544511,0.001655504,0.001424509,0.002380749,0.001853398,0.000643432,0.001583532
622,0.001726319,0.002546919,0.001835227,0.001755116,0.002103636,0.001427833,0.002413389,0.00266817,0.001438767,0.001681074
623,0.002221823,0.003213488,0.001955785,0.001888287,0.002026284,0.001809544,0.002595795,0.00256348,0.001449987,0.001389138
624,0.001600212,0.00172476,0.001417886,0.001456636,0.001667951,0.001366779,0.002277195,0.002473654,0.001215648,0.001212455
625,0.00201895,0.002680854,0.001340527,0.001249447,0.002062696,0.001316509,0.002326848,0.002374866,0.00100694,0.0015103
626,0.00220361,0.002659314,0.001739184,0.001287949,0.002225726,0.001635575,0.00236344,0.002683094,0.00129836,0.001959841
627,0.002148248,0.00194008,0.001552071,0.001433599,0.001729074,0.00130241,0.002510831,0.002186179,0.001068436,0.001737676
628,0.002167161,0.002359718,0.001606292,0.001518482,0.001945176,0.001561527,0.002501198,0.002548351,0.001116446,0.001466558
629,0.001792466,0.002486488,0.001823425,0.001689546,0.002097185,0.001505156,0.002543117,0.002413337,0.001149459,0.001404953
630,0.001539524,0.001784824,0.001125036,0.001283379,0.001762237,0.001248357,0.002431767,0.001957111,0.000912766,0.001304461
631,0.001666704,0.001992711,0.001499182,0.001677358,0.001983063,0.00135351,0.00244434,0.001991618,0.001247033,0.001287378
632,0.002041863,0.002403628,0.0018306,0.001616191,0.00202631,0.00169373,0.002770332,0.002675593,0.001528899,0.001717275
633,0.001572725,0.002069432,0.001730737,0.001462844,0.001969905,0.001270658,0.002632801,0.001884465,0.001054787,0.001327752
634,0.001500481,0.001928847,0.001377815,0.001303838,0.001829612,0.001604811,0.002684527,0.002072163,0.001115356,0.001612398
635,0.002250185,0.002607931,0.001918317,0.001711324,0.002087769,0.001372414,0.002324661,0.002696352,0.00149048,0.002076221
636,0.001726137,0.002080512,0.001637082,0.001344422,0.002145153,0.001174973,0.002468603,0.002491617,0.000617846,0.001412147
637,0.002138623,0.002640797,0.00222851,0.001800628,0.002121662,0.001192156,0.002510415,0.002661424,0.001582987,0.001861977
638,0.002100021,0.00329872,0.001919409,0.001812923,0.002112298,0.002001995,0.002485759,0.002577176,0.001589326,0.001926975
639,0.002499246,0.00323915,0.001557709,0.001298723,0.00226499,0.001790621,0.002789819,0.00260629,0.00148422,0.001898973
640,0.001906305,0.002283232,0.001963222,0.001630664,0.002185398,0.001990994,0.002672598,0.002367631,0.001154468,0.00172398
641,0.001774323,0.0020002,0.001373245,0.001353925,0.001936465,0.001444377,0.002134929,0.002223853,0.001236364,0.001739574
642,0.001559345,0.001896737,0.001355639,0.001138169,0.001912415,0.001153404,0.002568271,0.001992789,0.00098665,0.001927651
643,0.001383139,0.00209435,0.001179541,0.001163916,0.001818642,0.001120936,0.002146349,0.002063346,0.001112891,0.001163553
644,0.002306002,0.002438405,0.001788853,0.00175956,0.001958541,0.001485415,0.00260267,0.002471311,0.001611307,0.001820748
645,0.002003087,0.002428591,0.001542979,0.001638485,0.002081449,0.001655764,0.002303322,0.002715445,0.001651295,0.001798003
646,0.002239933,0.002480553,0.001939586,0.001395916,0.002302671,0.001637861,0.002402561,0.002702942,0.001050713,0.00174277
647,0.00202527,0.002513982,0.002030784,0.001991436,0.002124004,0.001495675,0.002854096,0.002668144,0.001511494,0.001978304
648,0.001683257,0.002078275,0.001324843,0.001358469,0.001531159,0.001371999,0.002336867,0.002228718,0.001289818,0.001362287
649,0.001834577,0.001919825,0.001684271,0.001565139,0.002006181,0.001798704,0.002817983,0.002306731,0.001213546,0.001620998
650,0.00158969,0.001734298,0.001239557,0.001454948,0.001654127,0.001012882,0.002392462,0.002421224,0.000768561,0.001717093
651,0.001941536,0.002011591,0.001562904,0.001372752,0.002053723,0.001359716,0.002541763,0.002421016,0.001187536,0.001670602
652,0.002163207,0.002013905,0.001385918,0.001657973,0.00197534,0.001422951,0.002353524,0.002644052,0.001441364,0.001898583
653,0.001890549,0.002186439,0.001390878,0.001444117,0.0016402,0.001385346,0.00216123,0.002249872,0.001130201,0.002036765
654,0.001704852,0.00238697,0.001568984,0.001652386,0.001829508,0.001162333,0.002206603,0.002373201,0.001191196,0.0015296
655,0.001618712,0.002559886,0.001472818,0.00169373,0.001936465,0.001313679,0.002393086,0.002525021,0.00115208,0.001739496
656,0.002308708,0.002136178,0.002111804,0.00176637,0.00219747,0.001628637,0.002409797,0.002961385,0.001621829,0.001764499
657,0.002045244,0.002215215,0.001248902,0.001895125,0.001704801,0.001329985,0.002491123,0.002702343,0.001184836,0.0017429
658,0.001401889,0.002311649,0.001787008,0.001628455,0.001820903,0.001338423,0.002177542,0.002327186,0.001475155,0.001638017
659,0.002035231,0.002478053,0.001521599,0.001900117,0.002273734,0.001627078,0.002878929,0.002663221,0.001140012,0.001908437
660,0.001864369,0.002046492,0.001608578,0.001570776,0.002378927,0.001415757,0.002180481,0.002388479,0.001121559,0.001627806
661,0.002092737,0.002433459,0.001863459,0.001570231,0.002332131,0.001490662,0.00249094,0.002395897,0.001333698,0.001874742
662,0.001707139,0.002138181,0.00169373,0.001464818,0.002172026,0.001232911,0.00219107,0.002009562,0.001112268,0.001865253
663,0.001904043,0.002048261,0.001453493,0.000969553,0.001945046,0.001130668,0.00222635,0.002027923,0.000788996,0.001744044
664,0.001738482,0.002245917,0.001307499,0.001935841,0.002293302,0.001898219,0.002664003,0.002335358,0.001269905,0.002065453
665,0.00222622,0.002067846,0.001627208,0.001623544,0.002180846,0.001234313,0.002590665,0.002422969,0.001088781,0.001869646
666,0.001928769,0.002108995,0.001644097,0.001579428,0.001899909,0.001392851,0.002282815,0.002245839,0.000922053,0.001472506
667,0.001865331,0.00224472,0.00163903,0.001568516,0.001687623,0.001310537,0.001923595,0.001892551,0.001640434,0.002021967
668,0.002426275,0.002393425,0.001934255,0.001844975,0.002103662,0.001570724,0.002653767,0.002413806,0.000997625,0.001815497
669,0.002347434,0.002647673,0.001913012,0.00228547,0.002823898,0.001906174,0.002866786,0.002708021,0.001627182,0.001771984
670,0.002615717,0.002400947,0.001978876,0.001954147,0.002601264,0.001855972,0.002824262,0.002770619,0.00158943,0.001912883
671,0.002268191,0.002011903,0.001880903,0.002187974,0.00265546,0.001959529,0.002886747,0.002858161,0.001764706,0.002008366
672,0.002236576,0.002402977,0.001983063,0.002106289,0.002290518,0.002056089,0.002752487,0.00244736,0.001607955,0.001820384
673,0.002700285,0.002265745,0.002084232,0.00212801,0.002161386,0.002169867,0.002354357,0.002621942,0.001438274,0.002024542
674,0.001937297,0.002468264,0.001531808,0.001494844,0.001889301,0.00158374,0.002189457,0.002131912,0.001182397,0.00171977
675,0.00179873,0.001659402,0.001007588,0.001322351,0.001851786,0.00110212,0.002272407,0.001937505,0.00063664,0.001121688
676,0.002140262,0.002510988,0.00174932,0.001940574,0.002108682,0.001665483,0.002544992,0.00217481,0.001449598,0.001892655
677,0.002404097,0.002522027,0.001868684,0.001545083,0.002187376,0.001661923,0.002268841,0.00240139,0.001278472,0.001900975
678,0.00222622,0.001985819,0.001680607,0.001757715,0.002031226,0.001746851,0.002065713,0.002286953,0.001158569,0.001561164
679,0.002425858,0.002782316,0.001583299,0.001701786,0.002314304,0.002037129,0.002146532,0.002534291,0.001650256,0.002204443
680,0.001464272,0.00196811,0.001608682,0.001653296,0.001643967,0.001509235,0.002327993,0.002094844,0.001463259,0.001491779
681,0.001654751,0.002171402,0.001569036,0.001559137,0.002053645,0.001662858,0.002395195,0.001902301,0.00123452,0.001293115
682,0.001760678,0.002332105,0.001601278,0.001733466,0.002347668,0.001804137,0.002531531,0.001944474,0.001336891,0.002074998
683,0.001476324,0.001994245,0.001370622,0.001124232,0.002090136,0.001398175,0.001687753,0.001993777,0.001224085,0.001477908
684,0.001785916,0.002294708,0.002038638,0.002148899,0.002330569,0.001868684,0.002266239,0.002256352,0.001774089,0.002171584
685,0.000966907,0.001988394,0.001590599,0.001226369,0.001411731,0.001419496,0.001706048,0.001988602,0.000888123,0.001400772
686,0.001451961,0.002351025,0.001313263,0.001859325,0.001980332,0.00155337,0.002610691,0.001921099,0.001062753,0.001640953
687,0.001548278,0.002725161,0.001594003,0.001955239,0.002276752,0.001544615,0.002408314,0.002225908,0.00156293,0.001845833
688,0.001341306,0.001982335,0.00169425,0.001924323,0.002013541,0.001681906,0.001963898,0.002051408,0.001163449,0.001488532
689,0.00140233,0.001843415,0.00135164,0.001141257,0.001739262,0.001364208,0.00200098,0.00214315,0.001145851,0.00124018
690,0.001514196,0.001992607,0.001857921,0.00152495,0.001816822,0.001347226,0.001870322,0.002318181,0.001135937,0.001663274
691,0.001405317,0.001650282,0.00159499,0.001632768,0.002260619,0.001660831,0.001768475,0.002628739,0.001296127,0.001928691
692,0.001736247,0.002343087,0.002164222,0.001595328,0.002208268,0.001925649,0.002134201,0.002100541,0.001338397,0.002075232
693,0.002138779,0.002158056,0.00157153,0.001353198,0.001991254,0.001526769,0.002040718,0.001983765,0.001010417,0.001687883
694,0.002326379,0.002006572,0.001031096,0.001483155,0.002106627,0.001838866,0.0018378,0.001971075,0.000730702,0.001633704
695,0.002272745,0.001940054,0.001368337,0.001475363,0.00208059,0.001250434,0.001827896,0.001781991,0.001201735,0.001483597
696,0.002120882,0.002330231,0.001648255,0.001223124,0.001792596,0.001575609,0.001783161,0.002219456,0.000992825,0.001671875
697,0.001916133,0.002276778,0.001796755,0.000968697,0.002114795,0.001488792,0.001600108,0.002209412,0.001289662,0.001838294
698,0.003172365,0.002995216,0.002336945,0.002629077,0.002957032,0.002292158,0.002852246,0.00305835,0.002060875,0.002669576
699,0.003220555,0.0031599,0.002551606,0.002117006,0.002902252,0.002105691,0.003181569,0.002634859,0.001583039,0.002331324
700,0.002792763,0.002846149,0.002128322,0.002114873,0.002564183,0.002542206,0.002639521,0.002770384,0.001816926,0.001866761
701,0.00278539,0.002848702,0.001949206,0.001846457,0.002075857,0.002344285,0.002352093,0.002732637,0.001557007,0.001945384
702,0.002351416,0.002377339,0.001647657,0.002114743,0.002308656,0.002061031,0.00224217,0.002847165,0.001506377,0.002138181
703,0.002714116,0.002382857,0.001969593,0.002156105,0.002631577,0.002095781,0.002529265,0.0025596,0.002054373,0.00236167
704,0.002548117,0.002385538,0.001790309,0.001728138,0.002214434,0.001843181,0.00237229,0.002325364,0.001548642,0.001938389
705,0.00267614,0.00271607,0.00206267,0.002082515,0.002522444,0.001880513,0.002335488,0.002456498,0.001483701,0.001891901
706,0.002316438,0.00255999,0.001977212,0.001536147,0.002278131,0.001934541,0.00197547,0.002480032,0.001320637,0.001784668
707,0.002461158,0.002460767,0.001538926,0.001730503,0.002232907,0.001931759,0.001942914,0.002122365,0.001230133,0.001867488
708,0.002848442,0.00289188,0.002555694,0.00230772,0.00266382,0.002174107,0.002717294,0.00272227,0.00176507,0.002539706
709,0.002885079,0.003072532,0.002076117,0.002396991,0.002481308,0.002111336,0.002460351,0.003102279,0.00140407,0.001799666
710,0.002219091,0.002538457,0.001804995,0.002080851,0.002236004,0.00185111,0.001932097,0.002665617,0.001214376,0.001882567
711,0.002536269,0.002522964,0.002446449,0.001949934,0.002639312,0.001752621,0.002288488,0.002532182,0.00141973,0.002091177
712,0.00268088,0.002787605,0.002287942,0.00206332,0.002424062,0.002109177,0.002521871,0.002640302,0.001731699,0.00220028
713,0.002753634,0.002924012,0.002032526,0.002304883,0.002370129,0.002357428,0.002625249,0.002780206,0.002226272,0.002233063
714,0.00240873,0.003373794,0.002416903,0.002565615,0.003087079,0.002318285,0.002608946,0.003139589,0.001751061,0.002406101
715,0.002124134,0.002608764,0.002020043,0.00174997,0.002283518,0.001863901,0.001860365,0.002260463,0.001614684,0.001961454
716,0.002610795,0.003150644,0.002762673,0.002218597,0.00321088,0.00260004,0.002666034,0.002644573,0.001967382,0.002180663
717,0.002428357,0.00285123,0.002546138,0.002532754,0.002908376,0.002442779,0.002105483,0.002758791,0.002267358,0.002702786
718,0.002419168,0.002172338,0.001896113,0.002129623,0.002189457,0.002542128,0.002507447,0.002910122,0.001391033,0.00209807
719,0.002535931,0.002898447,0.002251121,0.002353524,0.002752227,0.002081059,0.002240141,0.002597853,0.001616737,0.001808972
720,0.002183994,0.002361983,0.002139716,0.002293875,0.00239837,0.002347148,0.002301292,0.00270948,0.001248591,0.002009328
721,0.002305586,0.002252422,0.001933917,0.001807776,0.002434266,0.002022643,0.002161438,0.002129649,0.001170301,0.001524742
722,0.002164013,0.002147832,0.001986391,0.001719406,0.002641578,0.002337284,0.002161308,0.002238215,0.001528405,0.001732998
723,0.001823425,0.002469618,0.001633522,0.002069796,0.001959893,0.001932149,0.002197835,0.002249456,0.000802118,0.001542199
724,0.002859803,0.003153356,0.002245397,0.002598504,0.002773589,0.002584285,0.002405841,0.002373487,0.002050888,0.002586499
725,0.002571838,0.00194047,0.00176008,0.001844819,0.002024906,0.002205614,0.001993699,0.002121845,0.001489441,0.002222812
726,0.002210011,0.002198069,0.001636224,0.001860911,0.002090709,0.002707292,0.00205882,0.002496616,0.001610371,0.001706074
727,0.002166095,0.002637776,0.001722628,0.001550175,0.00203133,0.002055283,0.002156053,0.003139823,0.001602784,0.002031798
728,0.002399411,0.002511977,0.001762913,0.001865877,0.002677911,0.002166589,0.001899909,0.002881483,0.000820168,0.002360187
729,0.001868606,0.001849655,0.001201215,0.001215492,0.001967513,0.002161854,0.001666522,0.002333354,0.00100131,0.001678554
730,0.002694138,0.002633843,0.002384367,0.002423958,0.002287005,0.002522574,0.002262388,0.002897352,0.001762289,0.002884792
731,0.002891541,0.003055457,0.002431299,0.001804501,0.002977257,0.003088591,0.001955889,0.002867177,0.002024776,0.002966545
732,0.002280343,0.002802455,0.002197861,0.002318363,0.002558011,0.002079784,0.002003867,0.002727193,0.001500481,0.002113495
733,0.002735711,0.003018493,0.002089174,0.002692888,0.002366537,0.003030066,0.002552413,0.002252266,0.001696978,0.002632228
734,0.002947024,0.002943428,0.002389494,0.002485239,0.002973582,0.002819859,0.002546685,0.002868793,0.001991488,0.002796254
735,0.003205091,0.003826524,0.002337258,0.002647334,0.003447916,0.00327874,0.002537129,0.003135182,0.002376584,0.003167984
736,0.002471076,0.001720939,0.002600873,0.00230837,0.002806207,0.001886805,0.002102206,0.002754858,0.001981763,0.002217218
737,0.002199344,0.002531739,0.002448974,0.001900065,0.002416227,0.002386032,0.002064048,0.002428279,0.001278836,0.001892109
738,0.002854357,0.002495288,0.002091775,0.002455586,0.002411723,0.002553897,0.001655115,0.002796697,0.001535913,0.002041213
739,0.002533613,0.002830307,0.002252292,0.002060875,0.002469202,0.002445668,0.001654101,0.002333042,0.001768553,0.002072163
740,0.002827884,0.002864128,0.00270638,0.002732845,0.003246556,0.00287773,0.00238166,0.003139145,0.001953601,0.001817238
741,0.002985468,0.002916142,0.002189275,0.002254036,0.002935166,0.002964017,0.00294189,0.003353811,0.002298273,0.002870017
742,0.002364039,0.00295857,0.001914937,0.002715263,0.003241966,0.002812616,0.002906838,0.003144855,0.001782615,0.002645094
743,0.002715653,0.002968109,0.002675879,0.002291351,0.002765044,0.002643505,0.002338845,0.002865249,0.001797249,0.002760849
744,0.002753139,0.003301276,0.002790966,0.002807249,0.003547809,0.002922448,0.002994043,0.003177893,0.002329919,0.002668014
745,0.002458554,0.003417441,0.002574781,0.002431793,0.003108718,0.002877261,0.002353732,0.002965555,0.001756259,0.002668248
746,0.003801323,0.002946138,0.003169287,0.002602748,0.002970481,0.002965398,0.002701483,0.00304602,0.001987432,0.002847035
747,0.003092841,0.003225797,0.002354018,0.002322762,0.002593764,0.00314655,0.00367819,0.002668925,0.002197678,0.002421875
748,0.003285418,0.002974078,0.002886434,0.002299236,0.002973165,0.002736571,0.003207073,0.002832261,0.002389156,0.002863164
749,0.002667492,0.003355194,0.001940808,0.002315189,0.003388978,0.003154555,0.00200782,0.002674525,0.002379213,0.002126891
750,0.002885313,0.002554262,0.00207323,0.002325234,0.002537207,0.002405034,0.001898583,0.002558376,0.001638381,0.002504322
751,0.002672467,0.002883906,0.002788074,0.002817853,0.002623999,0.002837446,0.002617124,0.002778382,0.001942758,0.002329919
752,0.003126317,0.002528146,0.003565582,0.002505676,0.002794926,0.003051989,0.002384887,0.003132835,0.001342266,0.002474044
753,0.002125642,0.003475236,0.002341526,0.002694893,0.002834033,0.002922839,0.002825721,0.002364039,0.002391655,0.002452567
754,0.003538492,0.002939597,0.002783853,0.002549393,0.002864832,0.003072714,0.002471128,0.00322032,0.001944448,0.002687965
755,0.003282314,0.002750429,0.002947988,0.00257452,0.002731882,0.002994617,0.002727271,0.002974104,0.001757715,0.002439316
756,0.002553324,0.002936234,0.003084055,0.002322267,0.003020526,0.002843569,0.002406153,0.002291403,0.001740509,0.001466454
757,0.001264842,0.002024464,0.002660747,0.002003217,0.002895294,0.002255701,0.002357558,0.002363076,0.001906123,0.001618608
758,0.002976919,0.002528927,0.00268958,0.002493674,0.002732246,0.003092606,0.002383768,0.0025226,0.000593012,0.002144242
759,0.002987475,0.002773302,0.003022325,0.002751289,0.003523329,0.00299029,0.002841641,0.003038564,0.002208059,0.002094116
760,0.002018612,0.002238632,0.00205856,0.001425418,0.003074539,0.00261004,0.002932065,0.002576916,0.0009736,0.002365965
761,0.003026417,0.003625902,0.003159979,0.003628695,0.003804065,0.003614208,0.003690199,0.00368221,0.002577306,0.003769753
762,0.002760224,0.002835909,0.002989794,0.002585066,0.002980985,0.002625119,0.00297572,0.002861418,0.002907828,0.002354851
763,0.002912337,0.002123145,0.002043345,0.002542258,0.002395793,0.002708881,0.002521116,0.003101157,0.001862263,0.002652673
764,0.002854253,0.003224284,0.003096673,0.002370103,0.003266508,0.00336722,0.003287739,0.00329546,0.001874014,0.002835935
765,0.003334899,0.003288261,0.003419633,0.002939232,0.003997925,0.003394509,0.002981741,0.00399748,0.003186628,0.003270003
766,0.002841641,0.002726073,0.002516976,0.002790445,0.003186759,0.002973452,0.002300277,0.003083508,0.002006961,0.002660799
767,0.003391169,0.003795814,0.002972488,0.002867959,0.003353681,0.003649709,0.002776246,0.003499425,0.003028946,0.003077199
768,0.00343881,0.002670748,0.001885999,0.002274645,0.002406596,0.003188089,0.00194502,0.003503366,0.002662258,0.002938554
769,0.003518423,0.002572229,0.002921302,0.002986328,0.003098055,0.003349403,0.002884245,0.003614365,0.002776976,0.003043856
770,0.00259254,0.003543163,0.002993261,0.003351751,0.002704947,0.003290347,0.002615196,0.003168714,0.001823217,0.002294708
771,0.003027355,0.002587775,0.002367449,0.003062678,0.003006893,0.003577327,0.002866812,0.003188714,0.002928234,0.002521532
772,0.003589281,0.003121494,0.00324833,0.003272011,0.003764374,0.003284061,0.003392395,0.003611441,0.00299764,0.004319255
773,0.002348995,0.001971179,0.002623921,0.002967223,0.002567776,0.002904675,0.002793623,0.003533246,0.002139638,0.002228744
774,0.003575317,0.00167463,0.003100766,0.002897144,0.003222276,0.003502661,0.003287322,0.003455274,0.00247709,0.003409458
775,0.003682158,0.003455039,0.0027162,0.00237268,0.002987761,0.003032126,0.002523303,0.002732455,0.002012865,0.003097299
776,0.002003503,0.003022012,0.002037832,0.003070107,0.002434813,0.00273717,0.002338559,0.003501722,0.000660128,0.001793246
777,0.0024742,0.003777273,0.003138233,0.002793154,0.003460936,0.002848702,0.003119773,0.003091042,0.002819546,0.00340471
778,0.003358898,0.003596459,0.003226684,0.003005434,0.003671611,0.003424277,0.003558013,0.004194118,0.002621525,0.00263413
779,0.002215917,0.002666451,0.003137111,0.002588999,0.002562178,0.003174398,0.002702864,0.00366592,0.002736284,0.002529552
780,0.002419767,0.002124862,0.002342619,0.002659861,0.002864936,0.002437104,0.003192808,0.003140684,0.001999576,0.002657283
781,0.003609719,0.002666711,0.00255546,0.002982236,0.002843335,0.002928963,0.003689598,0.003349872,0.002762126,0.003044117
782,0.002584155,0.002925132,0.002321695,0.002666295,0.002374945,0.002836951,0.002654548,0.002846879,0.002014997,0.002617019
783,0.003139223,0.00230634,0.002020381,0.002869027,0.002436531,0.002862825,0.00258452,0.00294778,0.001928925,0.001671875
784,0.003387699,0.003525704,0.002376324,0.004332118,0.003860396,0.003519702,0.004417518,0.004057782,0.002766164,0.002435359
785,0.002372263,0.002536191,0.002692158,0.002430283,0.003609953,0.003045368,0.002533796,0.002747381,0.00176546,0.002662726
786,0.00356861,0.003319952,0.004578975,0.003058585,0.003508402,0.003435835,0.003607108,0.003569314,0.003197946,0.002971028
787,0.00248792,0.00240506,0.002671035,0.002249092,0.002478131,0.003728394,0.001901131,0.002802507,0.001547889,0.003104286
788,0.002460402,0.003973211,0.004202142,0.002844429,0.003351385,0.003143865,0.003405753,0.003833679,0.00246587,0.003274933
789,0.002920233,0.003930265,0.003488961,0.003338707,0.003397639,0.002890056,0.004102935,0.002828171,0.002152827,0.002862408
790,0.002379968,0.003158284,0.002640458,0.002548169,0.002983148,0.003778762,0.00416644,0.003289643,0.002642229,0.002001448
791,0.002750038,0.002466729,0.002918148,0.001696329,0.002233558,0.003266013,0.003901036,0.002523173,0.002986172,0.001605357
792,0.003724739,0.004289921,0.004148877,0.00346639,0.004286444,0.004217538,0.005013035,0.003378151,0.003733564,0.00330065
793,0.003363203,0.002627723,0.002952367,0.002137999,0.003921045,0.003996645,0.003854468,0.003417441,0.001595873,0.002446865
794,0.003644174,0.003156511,0.003200892,0.003244783,0.003918955,0.003793725,0.003809993,0.003662552,0.0026134,0.003409927
795,0.002714846,0.002674785,0.003405205,0.003806651,0.003814328,0.003319248,0.003055743,0.003830363,0.002549601,0.003371238
796,0.002696274,0.002231138,0.002501484,0.002465401,0.002848546,0.002819937,0.003838929,0.003471452,0.001631391,0.00146074
797,0.003142092,0.002657856,0.003452326,0.002490159,0.001952301,0.002922109,0.002891124,0.00246915,0.001748462,0.00250073
798,0.00408723,0.003978096,0.002535957,0.002277923,0.002982158,0.003395448,0.003777744,0.0033919,0.002706198,0.003025791
799,0.003850106,0.003922298,0.003348516,0.003217217,0.004569924,0.00380827,0.003490423,0.003183473,0.003098472,0.002603191
800,0.002079524,0.001821527,0.001958437,0.002889352,0.003185716,0.002602774,0.002489639,0.003004495,0.003183942,0.002537077
